"observation_date","asset_id","wallet","balance","wallet_class","exclude_as_partner","source_file"
"2026-07-02","hmap","0xc6F22B9100066B6f770201AD0A7193d58E0d6CC0","4938,88605604","externa_no_clasificada","False","2026-07-02_hmap.xlsx"
"2026-07-02","hmap","0xBE55e36198D44b20886610AcC3d6c49B06B00C7A","2410","externa_no_clasificada","False","2026-07-02_hmap.xlsx"
"2026-07-02","hmap","0x929fD4085336E6f06ff9B6F94B2d6A2cB2aF3310","1331,5","externa_no_clasificada","False","2026-07-02_hmap.xlsx"
"2026-07-02","hmap","0x66B3d26d017C209110B6FB2c6F137c1f3Db6db6c","1202,8056","externa_no_clasificada","False","2026-07-02_hmap.xlsx"
"2026-07-02","hmap","0x1c16e098C7097e1bb6a3063984972968020D0C0B","929,26","externa_no_clasificada","False","2026-07-02_hmap.xlsx"
"2026-07-02","hmap","0x9fB25104bCAfc80D0Fe14B5F2154ED5Fb63C0F87","928,2684","externa_no_clasificada","False","2026-07-02_hmap.xlsx"
"2026-07-02","hmap","0x256975365EEf4BE0f258dFfC5b8a44A3FeDcA307","898,5","externa_no_clasificada","False","2026-07-02_hmap.xlsx"
"2026-07-02","hmap","0xade2Fa83fC5CB874bdd22902cbba824C5Ed2EfFf","716,5","externa_no_clasificada","False","2026-07-02_hmap.xlsx"
"2026-07-02","hmap","0xcb428b1d77535E761B222c949e69f75CB275a3c8","592","externa_no_clasificada","False","2026-07-02_hmap.xlsx"
"2026-07-02","hmap","0x28a72d4fa14b58CeFdc45B02d4bC8bDCe22E2180","586,5","externa_no_clasificada","False","2026-07-02_hmap.xlsx"
"2026-07-02","hmap","0xbD0C77F33Ee8461D63263443fd12C0939aC8EB9b","574,7794","externa_no_clasificada","False","2026-07-02_hmap.xlsx"
"2026-07-02","hmap","0x4E222a6785A7047435d99a031f515C71Ccc65042","557","externa_no_clasificada","False","2026-07-02_hmap.xlsx"
"2026-07-02","hmap","0xBD720B44A0F1592fF4B5194F2e6505d6354f6A33","530","externa_no_clasificada","False","2026-07-02_hmap.xlsx"
"2026-07-02","hmap","0xa3D38d52b0c44c164Ea6b56D784f901cB89a1fD3","460,625","externa_no_clasificada","False","2026-07-02_hmap.xlsx"
"2026-07-02","hmap","0x7926C0998f01CBAc3a905E8c1670B84Fd717c9EA","439,875","externa_no_clasificada","False","2026-07-02_hmap.xlsx"
"2026-07-02","hmap","0x90E82e55f0c70D9e941235CeCB249A8b099F54a9","398,5","externa_no_clasificada","False","2026-07-02_hmap.xlsx"
"2026-07-02","hmap","0x96aFE5AF5Cb01E71e0e1E829347d4a866d3b8BC2","394","externa_no_clasificada","False","2026-07-02_hmap.xlsx"
"2026-07-02","hmap","0x601d52B1b52348D5Ee85d3bd7c14bBc908F1d050","344,125","externa_no_clasificada","False","2026-07-02_hmap.xlsx"
"2026-07-02","hmap","0xD3Db4F741D83405715181348e8372eF3c7d42224","313,258","externa_no_clasificada","False","2026-07-02_hmap.xlsx"
"2026-07-02","hmap","0x3Ce2ce3af5608cB41488C689287e93847945cfEa","291,625","externa_no_clasificada","False","2026-07-02_hmap.xlsx"
"2026-07-02","hmap","0xD2E23e4F5e5C0eE1bC3F4b0a493Bb1217886ef71","277,875","externa_no_clasificada","False","2026-07-02_hmap.xlsx"
"2026-07-02","hmap","0xC52b3443aeb6970aA615a11773e7bB9c643e73b8","245,25","externa_no_clasificada","False","2026-07-02_hmap.xlsx"
"2026-07-02","hmap","0x17c1B1B4B334c337Afe3fa5226dD50047FA3D1ff","221,9344756","externa_no_clasificada","False","2026-07-02_hmap.xlsx"
"2026-07-02","hmap","0x96F5Bc1dbaf357E4e25B4895dB7f81E183409F46","218,75","externa_no_clasificada","False","2026-07-02_hmap.xlsx"
"2026-07-02","hmap","0x72850f031f9a84a47d9C07090C32Fddb2e52aC9B","211,4934","externa_no_clasificada","False","2026-07-02_hmap.xlsx"
"2026-07-02","hmap","0x7DC44028Dcd50F2Cc62959E74C9FF8878745EF4a","186,625","externa_no_clasificada","False","2026-07-02_hmap.xlsx"
"2026-07-02","hmap","0x95BD60aca26Ff80DE5B8845D5204Ae6064B8Fe11","185,0184","externa_no_clasificada","False","2026-07-02_hmap.xlsx"
"2026-07-02","hmap","0x137650aBC314CB47A11D1136d7D86F7fF16B1D2e","180,875","externa_no_clasificada","False","2026-07-02_hmap.xlsx"
"2026-07-02","hmap","0x07a25745319C4AF4A8dE5a73210C68B11d14EDf2","174,2672","externa_no_clasificada","False","2026-07-02_hmap.xlsx"
"2026-07-02","hmap","0xA841382B0Cac46FE676fb0E209b3676d8812DF26","165,625","externa_no_clasificada","False","2026-07-02_hmap.xlsx"
"2026-07-02","hmap","0xF747cd857F201990D975DccaA4495f992F4D9925","152,5","externa_no_clasificada","False","2026-07-02_hmap.xlsx"
"2026-07-02","hmap","0x2cae450bcA3FB8bd7d05f3599EB8Dd7269d10F56","137,5","externa_no_clasificada","False","2026-07-02_hmap.xlsx"
"2026-07-02","hmap","0x948247E9D535676EE50bB2989E45DC98B958A78C","126,375","externa_no_clasificada","False","2026-07-02_hmap.xlsx"
"2026-07-02","hmap","0x0ee3008E617c51B1d50A1A9F0DDd3861b41DEbae","101,5","externa_no_clasificada","False","2026-07-02_hmap.xlsx"
"2026-07-02","hmap","0xA0352BAde1C3CCf2f644f73513a5Cd65C206B837","97,125","externa_no_clasificada","False","2026-07-02_hmap.xlsx"
"2026-07-02","hmap","0xc13A26A629C88380E8a379af0852C3d0D7C5d128","94,9696","externa_no_clasificada","False","2026-07-02_hmap.xlsx"
"2026-07-02","hmap","0x88Ff5C7105127A70A67491AB8c508EEc23e7B8ac","91,5","externa_no_clasificada","False","2026-07-02_hmap.xlsx"
"2026-07-02","hmap","0x4E9EE984dA7bb6553725811952Fe44f98824d4Df","84,6436","externa_no_clasificada","False","2026-07-02_hmap.xlsx"
"2026-07-02","hmap","0xdD13B02ccF2eF4362019B021c87619dD6Ffb0088","82,875","externa_no_clasificada","False","2026-07-02_hmap.xlsx"
"2026-07-02","hmap","0x3e31932ac3cFB54c219396F2116c10B72327C7b8","81,45096","externa_no_clasificada","False","2026-07-02_hmap.xlsx"
"2026-07-02","hmap","0x4e0738A16a00159FACe88C51BbD4d79155DAd9d0","77,125","externa_no_clasificada","False","2026-07-02_hmap.xlsx"
"2026-07-02","hmap","0xb56785aab96A44ea14F50bBb21CcE1B61b79fdd4","74,5","externa_no_clasificada","False","2026-07-02_hmap.xlsx"
"2026-07-02","hmap","0xd890D223500BbB312616970620770853B94BBF99","57","externa_no_clasificada","False","2026-07-02_hmap.xlsx"
"2026-07-02","hmap","0xa1140a7124546488A8902b143a16A6692Fbdb306","56,5","externa_no_clasificada","False","2026-07-02_hmap.xlsx"
"2026-07-02","hmap","0xac472aa9767564218BDcA87c26bBd744242D4f94","55,017","externa_no_clasificada","False","2026-07-02_hmap.xlsx"
"2026-07-02","hmap","0xA3bCe714D4F129C1312876DCb2c40eA4AA78f4Ef","50","externa_no_clasificada","False","2026-07-02_hmap.xlsx"
"2026-07-02","hmap","0xd8410c7B992bFd52FbF0588D72D253a8256e5236","47,39879203","externa_no_clasificada","False","2026-07-02_hmap.xlsx"
"2026-07-02","hmap","0x42064C3038346B81eA1E8A71BCEef6A649ec9042","44","externa_no_clasificada","False","2026-07-02_hmap.xlsx"
"2026-07-02","hmap","0xBB93b92922d63bfE96013aCEaD167C0A08C0A688","43,5","externa_no_clasificada","False","2026-07-02_hmap.xlsx"
"2026-07-02","hmap","0x1D85Dfd2B0Df52B99D63C05C7413e6060f9e4969","42,84533","externa_no_clasificada","False","2026-07-02_hmap.xlsx"
"2026-07-02","hmap","0xb009f464227d03dBA06f0ce8dAa52fBc0Ee99068","39","externa_no_clasificada","False","2026-07-02_hmap.xlsx"
"2026-07-02","hmap","0x0794747C9B6ab29c56de0EaDBf898cA7dD8Aa69E","26,29641","externa_no_clasificada","False","2026-07-02_hmap.xlsx"
"2026-07-02","hmap","0x57f99b8B9e082b535E604926362E787ad92f3f95","25,6","externa_no_clasificada","False","2026-07-02_hmap.xlsx"
"2026-07-02","hmap","0x3BB49319f4431182e5f798d5cE24e89e382407c1","20,72008","externa_no_clasificada","False","2026-07-02_hmap.xlsx"
"2026-07-02","hmap","0x98E9a499E388857d24041891A329294317a3ea8a","18,61843","externa_no_clasificada","False","2026-07-02_hmap.xlsx"
"2026-07-02","hmap","0xb1D43447bb32d3fdEe53Bcf0821760E3ced4a95f","18,25724306","externa_no_clasificada","False","2026-07-02_hmap.xlsx"
"2026-07-02","hmap","0x0a2bb5619AfcAD154eF03EE20F7c6f5C09C70Ec8","17,14013998","externa_no_clasificada","False","2026-07-02_hmap.xlsx"
"2026-07-02","hmap","0x83f6728B671ea4999955Aa42cEeB565B65174D25","14,5","externa_no_clasificada","False","2026-07-02_hmap.xlsx"
"2026-07-02","hmap","0xa54a118523086db83E43902821901B294d8A089B","14,24874999","externa_no_clasificada","False","2026-07-02_hmap.xlsx"
"2026-07-02","hmap","0xf337303d89767D0632c4070D69C951978b09DeC4","14","externa_no_clasificada","False","2026-07-02_hmap.xlsx"
"2026-07-02","hmap","0xF15f184b0a30f4fFF664a46223d192382100BE22","13,35481","externa_no_clasificada","False","2026-07-02_hmap.xlsx"
"2026-07-02","hmap","0x784B0B0c29AB92de6808606E2ae5741844aD8db2","13","externa_no_clasificada","False","2026-07-02_hmap.xlsx"
"2026-07-02","hmap","0x9b0213643D1C493f68dd543b2C7bC2B07F2F15b7","11,6","externa_no_clasificada","False","2026-07-02_hmap.xlsx"
"2026-07-02","hmap","0x76B63eA641357c54Ffb4ee228390BFD54697EAED","11,36536","externa_no_clasificada","False","2026-07-02_hmap.xlsx"
"2026-07-02","hmap","0x383c769DA36d20b021240c151F18E2e194d0cb59","10,78638","externa_no_clasificada","False","2026-07-02_hmap.xlsx"
"2026-07-02","hmap","0x53a1E50F73a4c32BCB4e6d6A42dbe073a4E49340","10,46129","externa_no_clasificada","False","2026-07-02_hmap.xlsx"
"2026-07-02","hmap","0xc16D4D33cEc887D84A99f39efEF3DF9698f7905A","10,4","externa_no_clasificada","False","2026-07-02_hmap.xlsx"
"2026-07-02","hmap","0x847f6F29Dc0dBa8388D6caB7A396Ab458b64dB6A","10,033","externa_no_clasificada","False","2026-07-02_hmap.xlsx"
"2026-07-02","hmap","0x3d4AeaF07bdA4e117D76359929Bd0A3c4CfcA957","10","externa_no_clasificada","False","2026-07-02_hmap.xlsx"
"2026-07-02","hmap","0xF10090AcB5DcFf0D7478D27daF515F76A275A4b2","9,77123002","externa_no_clasificada","False","2026-07-02_hmap.xlsx"
"2026-07-02","hmap","0x87B0a2d02C083b6994aB0C80421D668E862DD987","9,4","externa_no_clasificada","False","2026-07-02_hmap.xlsx"
"2026-07-02","hmap","0xC092f83b930B98106Ed1A95e2131f20A9665Abd6","9,2214","externa_no_clasificada","False","2026-07-02_hmap.xlsx"
"2026-07-02","hmap","0xc12318ced78F3Db633Cb88E42a9967c1bA752dc5","9","externa_no_clasificada","False","2026-07-02_hmap.xlsx"
"2026-07-02","hmap","0xAe184E20415D31BD4599ec4CB0Dd734bacB847E2","9","externa_no_clasificada","False","2026-07-02_hmap.xlsx"
"2026-07-02","hmap","0xFEE1F5126E4dB82548c19755f22Ac2c53aE9ca71","9","externa_no_clasificada","False","2026-07-02_hmap.xlsx"
"2026-07-02","hmap","0xE972e4f267Db6338E8ca821b4Ac77F15E090f352","9","externa_no_clasificada","False","2026-07-02_hmap.xlsx"
"2026-07-02","hmap","0xCc475007C54a78933998FeBaA77df257C124BB49","8,26805001","externa_no_clasificada","False","2026-07-02_hmap.xlsx"
"2026-07-02","hmap","0x0940fb912080ac945c99cD92d27B8D6E6d804d54","7,72617","externa_no_clasificada","False","2026-07-02_hmap.xlsx"
"2026-07-02","hmap","0x0a2FCC5241A5b8a38C2C0946FB8E3A99750C5DEE","7,7068","externa_no_clasificada","False","2026-07-02_hmap.xlsx"
"2026-07-02","hmap","0xFaC147eaCDec9D75219eaa1AF41344F68CA55191","7","externa_no_clasificada","False","2026-07-02_hmap.xlsx"
"2026-07-02","hmap","0x3636f77612d9AF6CCBfC5B40A569280b5a0b74dc","6,94109","externa_no_clasificada","False","2026-07-02_hmap.xlsx"
"2026-07-02","hmap","0x22964073A05BB9F3Cdb9297C0a25890011DD851D","6,7365","externa_no_clasificada","False","2026-07-02_hmap.xlsx"
"2026-07-02","hmap","0xF2CCC875466f29c5B566B2F7814eAaD6e08D43Bb","6,68963","externa_no_clasificada","False","2026-07-02_hmap.xlsx"
"2026-07-02","hmap","0x1191e454173c7a8BAC5B35771e9c1351a31D0c75","6,6","externa_no_clasificada","False","2026-07-02_hmap.xlsx"
"2026-07-02","hmap","0xD64a0B3fE6EFD45f8DaFf034775b210302cFbd10","6,5972","externa_no_clasificada","False","2026-07-02_hmap.xlsx"
"2026-07-02","hmap","0x4FF2f4bB1Fa955E7Bb0043F7AC025D743A001bFE","6,23191","externa_no_clasificada","False","2026-07-02_hmap.xlsx"
"2026-07-02","hmap","0x4FcD63E6933C43949CCb9ec04EdFE77be6C251e0","6,21221","externa_no_clasificada","False","2026-07-02_hmap.xlsx"
"2026-07-02","hmap","0xE2E5a8247A856F63147a58659F9c5009c0170fbf","6,0209","externa_no_clasificada","False","2026-07-02_hmap.xlsx"
"2026-07-02","hmap","0xb1D835Ab91b9A6d8b22A922B4fA72dC1D583A3b1","5,74292","externa_no_clasificada","False","2026-07-02_hmap.xlsx"
"2026-07-02","hmap","0xad641812779A47dc4331e36Db4BAE99E15fd0981","5,5646","externa_no_clasificada","False","2026-07-02_hmap.xlsx"
"2026-07-02","hmap","0xd54386ab3cFa4fe72D0b8Acab77a192c0E30fF2f","5,2","externa_no_clasificada","False","2026-07-02_hmap.xlsx"
"2026-07-02","hmap","0xB292F6BC12d1089D01Ee142282EF860647B48Cbc","5,14939","externa_no_clasificada","False","2026-07-02_hmap.xlsx"
"2026-07-02","hmap","0xFDd74D3751d1817e53696d94829f33eB0B2c8e1C","5","externa_no_clasificada","False","2026-07-02_hmap.xlsx"
"2026-07-02","hmap","0x868F47E96531eECd39947E69f4CA19ab315D63bb","5","externa_no_clasificada","False","2026-07-02_hmap.xlsx"
"2026-07-02","hmap","0x9ac3A0BDA693F9bD48B5944814fCe2440f283b1D","5","externa_no_clasificada","False","2026-07-02_hmap.xlsx"
"2026-07-02","hmap","0x4bB82224CA8497550e47c6f3539AB21CC49f7a7c","5","externa_no_clasificada","False","2026-07-02_hmap.xlsx"
"2026-07-02","hmap","0xD180C73ecEA90B85e6447C844f7113510C0BADFB","5","externa_no_clasificada","False","2026-07-02_hmap.xlsx"
"2026-07-02","hmap","0x98E96F4301D4291830d4079296a384B917590bbB","5","externa_no_clasificada","False","2026-07-02_hmap.xlsx"
"2026-07-02","hmap","0x0e70c4382192d761fA8Ca43E6822509113F9B498","5","externa_no_clasificada","False","2026-07-02_hmap.xlsx"
"2026-07-02","hmap","0x8061391D3CAab1f3a3Ef63DA8132655dEce2C774","5","externa_no_clasificada","False","2026-07-02_hmap.xlsx"
"2026-07-02","hmap","0x58B11AC9a611203Dd33Dff8311979BAB8A2EcaAE","5","externa_no_clasificada","False","2026-07-02_hmap.xlsx"
"2026-07-02","hmap","0x176c4636E5233248c10557b52A69C8048C49b7b3","5","externa_no_clasificada","False","2026-07-02_hmap.xlsx"
"2026-07-02","hmap","0x4e823Aec5797de189b21532B9D3780B9686866A5","5","externa_no_clasificada","False","2026-07-02_hmap.xlsx"
"2026-07-02","hmap","0x654571E55C16C8620423377D15c598Dbd4D3BAb2","5","externa_no_clasificada","False","2026-07-02_hmap.xlsx"
"2026-07-02","hmap","0x558F3aBcD9525593B0e6E246F37F3405228Cda55","5","externa_no_clasificada","False","2026-07-02_hmap.xlsx"
"2026-07-02","hmap","0x07Fd7060Cb5d2F81F8782442465c99c17368722E","5","externa_no_clasificada","False","2026-07-02_hmap.xlsx"
"2026-07-02","hmap","0x8edD030256FaF8729a78E57A2acC77BB638851E9","5","externa_no_clasificada","False","2026-07-02_hmap.xlsx"
"2026-07-02","hmap","0xD90Af3743286df2798dbd7787afF948AD768a0b4","5","externa_no_clasificada","False","2026-07-02_hmap.xlsx"
"2026-07-02","hmap","0x8ab34f676cEDec6c1225b755CF216CBB1f066013","5","externa_no_clasificada","False","2026-07-02_hmap.xlsx"
"2026-07-02","hmap","0xFAEdDE08cB6a6D1cC824E5a56d7d145a3fa55dB9","5","externa_no_clasificada","False","2026-07-02_hmap.xlsx"
"2026-07-02","hmap","0x4a34B9c65cc49a06D9f46bd6D98f56e7f853D81D","5","externa_no_clasificada","False","2026-07-02_hmap.xlsx"
"2026-07-02","hmap","0x062Be1010EC104eB035957e75362932e24dFeBE1","5","externa_no_clasificada","False","2026-07-02_hmap.xlsx"
"2026-07-02","hmap","0x0964b87D7D744b55161996292bDA321C75f11214","5","externa_no_clasificada","False","2026-07-02_hmap.xlsx"
"2026-07-02","hmap","0x2826922B648B9Aba3BB4d06dE9c5c575efD8043d","5","externa_no_clasificada","False","2026-07-02_hmap.xlsx"
"2026-07-02","hmap","0xB241868C0E55BC9618324e60B8E3369B45c5E1CB","5","externa_no_clasificada","False","2026-07-02_hmap.xlsx"
"2026-07-02","hmap","0x3d89F80b073bEB5FeE9ccaa6f648FA7b3558B861","5","externa_no_clasificada","False","2026-07-02_hmap.xlsx"
"2026-07-02","hmap","0x8Ae092019FC8C2FAfC91081ffba5F1beda446754","5","externa_no_clasificada","False","2026-07-02_hmap.xlsx"
"2026-07-02","hmap","0x66cf4f7ACd22Bc346f320137842A4A61Ee125E66","5","externa_no_clasificada","False","2026-07-02_hmap.xlsx"
"2026-07-02","hmap","0x84C5c54e3009A6abCd88BA41a9aE4105EEC99538","5","externa_no_clasificada","False","2026-07-02_hmap.xlsx"
"2026-07-02","hmap","0xBB6776EBA0A5010837087DA371e6aa6260d8E132","5","externa_no_clasificada","False","2026-07-02_hmap.xlsx"
"2026-07-02","hmap","0x315b7c253f8f40E793D505b0F39AbBCCDda44ad6","5","externa_no_clasificada","False","2026-07-02_hmap.xlsx"
"2026-07-02","hmap","0x46F05BCbD66d38589336424BFfdb24A2F83AB1e5","5","externa_no_clasificada","False","2026-07-02_hmap.xlsx"
"2026-07-02","hmap","0xB01358dEbF0219f77d8c86d4029b28D900DEb462","4,9","externa_no_clasificada","False","2026-07-02_hmap.xlsx"
"2026-07-02","hmap","0x347454696057658eb414E0C1c90fe8B0a2ae0AF4","4,84675","externa_no_clasificada","False","2026-07-02_hmap.xlsx"
"2026-07-02","hmap","0x64e397010b47CfBBAa00592339340d9F084eEbe2","4,63","externa_no_clasificada","False","2026-07-02_hmap.xlsx"
"2026-07-02","hmap","0xe91104037f4115a98ac598EA306149cF5B6cEe84","4,6","externa_no_clasificada","False","2026-07-02_hmap.xlsx"
"2026-07-02","hmap","0x9cFbe52E8946d7A6206ECb8e5CDCE3a6a9Ca66c4","4,5","externa_no_clasificada","False","2026-07-02_hmap.xlsx"
"2026-07-02","hmap","0x774746732B0163b5293563734F7dc87c17946076","4,2","externa_no_clasificada","False","2026-07-02_hmap.xlsx"
"2026-07-02","hmap","0x140feDE58be8f762675c431AB4a0321d5288198e","4,17056","externa_no_clasificada","False","2026-07-02_hmap.xlsx"
"2026-07-02","hmap","0xe79266e415dAc5E9C62d84568F89d933Ec1514aD","4,06813","externa_no_clasificada","False","2026-07-02_hmap.xlsx"
"2026-07-02","hmap","0xe757E9365cd825d24b32CBc75856c036824281f5","4","externa_no_clasificada","False","2026-07-02_hmap.xlsx"
"2026-07-02","hmap","0x5F2CE09b0949E04b1366a341972BB1980F3B1dBB","4","externa_no_clasificada","False","2026-07-02_hmap.xlsx"
"2026-07-02","hmap","0xd69aA12F03845bC0E5f3E9F79a664a7BD635aE55","4","externa_no_clasificada","False","2026-07-02_hmap.xlsx"
"2026-07-02","hmap","0xe488E8435B6c62d01FA4989682ceBb875eBc0693","4","externa_no_clasificada","False","2026-07-02_hmap.xlsx"
"2026-07-02","hmap","0x99498b4dBE2baea5a6B4890869fB2108cc9E6e2d","4","externa_no_clasificada","False","2026-07-02_hmap.xlsx"
"2026-07-02","hmap","0xD2b53aB3Cb643B8edD80486234F28a7879f70849","4","externa_no_clasificada","False","2026-07-02_hmap.xlsx"
"2026-07-02","hmap","0x52448b02C0900bB41aFCa92F221a75840E941244","4","externa_no_clasificada","False","2026-07-02_hmap.xlsx"
"2026-07-02","hmap","0xb1c6C811Cebe48832612C355d179C8CBCf072a59","4","externa_no_clasificada","False","2026-07-02_hmap.xlsx"
"2026-07-02","hmap","0xb38ed4f8879992fd30762EDD32EDcb82aede5F89","4","externa_no_clasificada","False","2026-07-02_hmap.xlsx"
"2026-07-02","hmap","0xdC52Fa971FC21a4F3b4dCBE77c879D4293B797bB","4","externa_no_clasificada","False","2026-07-02_hmap.xlsx"
"2026-07-02","hmap","0x299aB6305a430b47cA4085bC20897e937F2EC4a0","4","externa_no_clasificada","False","2026-07-02_hmap.xlsx"
"2026-07-02","hmap","0x6BB53B5b9a76920Aa61cfF90B813D96d6bbeED03","4","externa_no_clasificada","False","2026-07-02_hmap.xlsx"
"2026-07-02","hmap","0xD6CC37199d85124e911543FE560f383A5f358b77","4","externa_no_clasificada","False","2026-07-02_hmap.xlsx"
"2026-07-02","hmap","0x120460309209A2037218072bC2F9Cf3D1C964533","4","externa_no_clasificada","False","2026-07-02_hmap.xlsx"
"2026-07-02","hmap","0x4dc8407f68c83754b7Ac4D6b92A2C3A23464E741","4","externa_no_clasificada","False","2026-07-02_hmap.xlsx"
"2026-07-02","hmap","0x13D8F7605040Ab4EB1485720D2f389b7600f6455","4","externa_no_clasificada","False","2026-07-02_hmap.xlsx"
"2026-07-02","hmap","0x60aA02CdF1e381Ca930E6Ef0DB6eaC5527AB5c08","4","externa_no_clasificada","False","2026-07-02_hmap.xlsx"
"2026-07-02","hmap","0x5Dd224f17215B33C3c9C9Cc0202d621fE6583E29","4","externa_no_clasificada","False","2026-07-02_hmap.xlsx"
"2026-07-02","hmap","0xa7e7167f31644d55356EdFc2AFE1678f3c466818","4","externa_no_clasificada","False","2026-07-02_hmap.xlsx"
"2026-07-02","hmap","0x71D812b25654c76Fd6Cc796cc742aD62b7Fb8c71","4","externa_no_clasificada","False","2026-07-02_hmap.xlsx"
"2026-07-02","hmap","0x4C1215cC35474438883a05611A2dD13dA109e3E0","4","externa_no_clasificada","False","2026-07-02_hmap.xlsx"
"2026-07-02","hmap","0xaA1e9Ae548976692596405FFadfFaF1dF0Dbe97C","4","externa_no_clasificada","False","2026-07-02_hmap.xlsx"
"2026-07-02","hmap","0x401708EB8c786B2d79273B7497baA31341011c21","4","externa_no_clasificada","False","2026-07-02_hmap.xlsx"
"2026-07-02","hmap","0x5286B2583772864174E072969892bAd02bA084A8","4","externa_no_clasificada","False","2026-07-02_hmap.xlsx"
"2026-07-02","hmap","0xd3e2AD6ee13596111817c135e4ce31f2c6E07552","4","externa_no_clasificada","False","2026-07-02_hmap.xlsx"
"2026-07-02","hmap","0x723Ce061050f3C2BFf603385228230b5cEF66cfC","4","externa_no_clasificada","False","2026-07-02_hmap.xlsx"
"2026-07-02","hmap","0x5eD78B5043E0E0c551eb66A491d5e3340Ef1d751","4","externa_no_clasificada","False","2026-07-02_hmap.xlsx"
"2026-07-02","hmap","0x025B4C53c127cbABab482c45421F95327ae8e994","4","externa_no_clasificada","False","2026-07-02_hmap.xlsx"
"2026-07-02","hmap","0x6e2EB0B66B3CDfE6715c162D5ADe5CB8c7BD231E","4","externa_no_clasificada","False","2026-07-02_hmap.xlsx"
"2026-07-02","hmap","0x228869E98C210Be84f6eA7f0f2e22BC66A0EC9da","4","externa_no_clasificada","False","2026-07-02_hmap.xlsx"
"2026-07-02","hmap","0x820768374b90cA39831729CeEabb3b6232f50B9d","4","externa_no_clasificada","False","2026-07-02_hmap.xlsx"
"2026-07-02","hmap","0x99b00fDBE48Bf1b37e1BC57AeC003652aE1DB360","4","externa_no_clasificada","False","2026-07-02_hmap.xlsx"
"2026-07-02","hmap","0x6Ebe413df490E35D57f119a8e60D8dEa181c8BdF","4","externa_no_clasificada","False","2026-07-02_hmap.xlsx"
"2026-07-02","hmap","0x5b4282938abF4aF00e5C27b84B4438d27ea8C179","4","externa_no_clasificada","False","2026-07-02_hmap.xlsx"
"2026-07-02","hmap","0x29951f5ca02e1f627f05Fe3D78e917b0AB4B034F","4","externa_no_clasificada","False","2026-07-02_hmap.xlsx"
"2026-07-02","hmap","0x515Bead525D154B1660fa8eC416cB5E12E20e214","4","externa_no_clasificada","False","2026-07-02_hmap.xlsx"
"2026-07-02","hmap","0xD96913Dc2Bac6D06AE9b63b4AC7BA6aFD3ABDa09","4","externa_no_clasificada","False","2026-07-02_hmap.xlsx"
"2026-07-02","hmap","0x296cbE6c1Da659e571DefADE299e4153D81286e0","4","externa_no_clasificada","False","2026-07-02_hmap.xlsx"
"2026-07-02","hmap","0x480d47c661c99DBA5Cd232468A3C8799f9bafdc5","4","externa_no_clasificada","False","2026-07-02_hmap.xlsx"
"2026-07-02","hmap","0x5bAF68366Ce4605096A1f218747750A9E4d2623E","4","externa_no_clasificada","False","2026-07-02_hmap.xlsx"
"2026-07-02","hmap","0x78E47E7e148cC9AF0568210f0ed67b2C5B72841B","4","externa_no_clasificada","False","2026-07-02_hmap.xlsx"
"2026-07-02","hmap","0x486FCAEacD163D63f59daf49109c7Cbe6c88176c","4","externa_no_clasificada","False","2026-07-02_hmap.xlsx"
"2026-07-02","hmap","0x6B78Cc9Df821C97e3609e8F7574a324e4DA5A604","4","externa_no_clasificada","False","2026-07-02_hmap.xlsx"
"2026-07-02","hmap","0xecD1e48f8D0DB9D1Ca66f8bF6BF52688DD1937fa","4","externa_no_clasificada","False","2026-07-02_hmap.xlsx"
"2026-07-02","hmap","0x9C3DaB299C9e8DB8ce603a98059EE4a4C68C746E","4","externa_no_clasificada","False","2026-07-02_hmap.xlsx"
"2026-07-02","hmap","0xc594E18959676C35e43583ce37C0Da0A1952b143","4","externa_no_clasificada","False","2026-07-02_hmap.xlsx"
"2026-07-02","hmap","0x252F2cDA7ad20dff293Eb5F22d6775a880D8Bf89","4","externa_no_clasificada","False","2026-07-02_hmap.xlsx"
"2026-07-02","hmap","0xAF125a8eff6A1e672D3067314f59717510c8fac8","4","externa_no_clasificada","False","2026-07-02_hmap.xlsx"
"2026-07-02","hmap","0xd9F251A2A0370eD9E03a1b8162cE7C40A07d019C","4","externa_no_clasificada","False","2026-07-02_hmap.xlsx"
"2026-07-02","hmap","0xBeA8171D68c9ef2BA26db2dbE4150bB4f2767Da9","4","externa_no_clasificada","False","2026-07-02_hmap.xlsx"
"2026-07-02","hmap","0xA6257FE4DB629B5b2438293C12B6d5de08c4706E","4","externa_no_clasificada","False","2026-07-02_hmap.xlsx"
"2026-07-02","hmap","0xb196b3b874B52195d7cf71fEA5e118D9EA4b2E4d","4","externa_no_clasificada","False","2026-07-02_hmap.xlsx"
"2026-07-02","hmap","0xFF59200289bD4d2eF3DB518fac2f5511eb6c4CA1","4","externa_no_clasificada","False","2026-07-02_hmap.xlsx"
"2026-07-02","hmap","0x1aD42B5Cc326fBe003881264CF23f20441a175AF","4","externa_no_clasificada","False","2026-07-02_hmap.xlsx"
"2026-07-02","hmap","0x585b5FD30C24768Eb21D6cb60945d17B12051EF0","4","externa_no_clasificada","False","2026-07-02_hmap.xlsx"
"2026-07-02","hmap","0x4B4d4f06c23E2Cb71a9c060293f87Dd780ea81e3","4","externa_no_clasificada","False","2026-07-02_hmap.xlsx"
"2026-07-02","hmap","0x07455218BeA49c9291D84D628590A1F0d287A7eB","4","externa_no_clasificada","False","2026-07-02_hmap.xlsx"
"2026-07-02","hmap","0xb0e5DB05269cD70CB0634D26b528E1F8a2B73535","4","externa_no_clasificada","False","2026-07-02_hmap.xlsx"
"2026-07-02","hmap","0x389Eb20168585b1ADCC304A8e154741b0aD76bba","4","externa_no_clasificada","False","2026-07-02_hmap.xlsx"
"2026-07-02","hmap","0x3c420491263cD0F09939b658b32Fa29631395570","4","externa_no_clasificada","False","2026-07-02_hmap.xlsx"
"2026-07-02","hmap","0xF02f57bc0D2F56438D48C003FdFb18B55809808A","4","externa_no_clasificada","False","2026-07-02_hmap.xlsx"
"2026-07-02","hmap","0x16550D7d0Be0DF82DB66a456D245D55559fe0AB2","4","externa_no_clasificada","False","2026-07-02_hmap.xlsx"
"2026-07-02","hmap","0xe4124b584194a92a1d35c7377572dc71f46cbDe3","4","externa_no_clasificada","False","2026-07-02_hmap.xlsx"
"2026-07-02","hmap","0xa13F837a8106122144d715886795850252D589Ee","4","externa_no_clasificada","False","2026-07-02_hmap.xlsx"
"2026-07-02","hmap","0x7628bc4FDA5061e741324ca4e9B54ef1a7a27722","4","externa_no_clasificada","False","2026-07-02_hmap.xlsx"
"2026-07-02","hmap","0x56fF288CB41AAf8CF9de64d22c36750d74Dd6DCe","4","externa_no_clasificada","False","2026-07-02_hmap.xlsx"
"2026-07-02","hmap","0xD5FcE956Ce4BF073A51AF2F78D3A6eAaa472872c","4","externa_no_clasificada","False","2026-07-02_hmap.xlsx"
"2026-07-02","hmap","0x6AA2BC0b3f331f430E657d78a046DEc895bb7a87","4","externa_no_clasificada","False","2026-07-02_hmap.xlsx"
"2026-07-02","hmap","0x254D642104eE527A7a6a729933139055077995A6","4","externa_no_clasificada","False","2026-07-02_hmap.xlsx"
"2026-07-02","hmap","0x17BF468e8c648A1C71EC6805030c527945a489aE","4","externa_no_clasificada","False","2026-07-02_hmap.xlsx"
"2026-07-02","hmap","0x1284088d9f1aBc61963bbe3cFbC96c31ECA3E7C0","4","externa_no_clasificada","False","2026-07-02_hmap.xlsx"
"2026-07-02","hmap","0xbD35EbE63803D48C4E10b940e8130BFCa48e57eD","4","externa_no_clasificada","False","2026-07-02_hmap.xlsx"
"2026-07-02","hmap","0x7674C6AcfeEF81F5B70c550Ad6AFBCe027680D58","4","externa_no_clasificada","False","2026-07-02_hmap.xlsx"
"2026-07-02","hmap","0x4C4A503DA6B47bD341cC36EceFf01BA9508EaA9e","4","externa_no_clasificada","False","2026-07-02_hmap.xlsx"
"2026-07-02","hmap","0xAefd81258DEF62F6ee68033ACbF99eFacE8D2Bf5","4","externa_no_clasificada","False","2026-07-02_hmap.xlsx"
"2026-07-02","hmap","0x5ef9729728b3245Fc571a8E8ba58ff423F8103e9","4","externa_no_clasificada","False","2026-07-02_hmap.xlsx"
"2026-07-02","hmap","0xc47FB581df00952d6d07232f05528f6b5f4acc48","4","externa_no_clasificada","False","2026-07-02_hmap.xlsx"
"2026-07-02","hmap","0x374AD1a662121a436Fe43A212eA84D8070Ad213A","4","externa_no_clasificada","False","2026-07-02_hmap.xlsx"
"2026-07-02","hmap","0xd2265a7875F0F2aAa9ec54153dB1770dd6B9b067","4","externa_no_clasificada","False","2026-07-02_hmap.xlsx"
"2026-07-02","hmap","0xAFa300be31D248D5DbB28F270F56DEb3c1B297a1","4","externa_no_clasificada","False","2026-07-02_hmap.xlsx"
"2026-07-02","hmap","0x577bBd246cbB04789eEa98C04704268b809B3ee3","4","externa_no_clasificada","False","2026-07-02_hmap.xlsx"
"2026-07-02","hmap","0x10E27b0CA669E07cee46fd86451f45A7667a5e77","4","externa_no_clasificada","False","2026-07-02_hmap.xlsx"
"2026-07-02","hmap","0x26E4A2a09FF17CB5730280D3479eaF611E2E309F","4","externa_no_clasificada","False","2026-07-02_hmap.xlsx"
"2026-07-02","hmap","0xA6C54577727E59753607Da542aae32189c5Cf45b","4","externa_no_clasificada","False","2026-07-02_hmap.xlsx"
"2026-07-02","hmap","0x68D7c66Bf8C350dE03FD42e58DE2949fB7b0E4AA","4","externa_no_clasificada","False","2026-07-02_hmap.xlsx"
"2026-07-02","hmap","0x74fc91EDe0E45c81CfF52eD0f6A47c42526902b9","4","externa_no_clasificada","False","2026-07-02_hmap.xlsx"
"2026-07-02","hmap","0xc16834005a1fD4A247A73e6Ca0CDa146909d84eC","4","externa_no_clasificada","False","2026-07-02_hmap.xlsx"
"2026-07-02","hmap","0x88ecd7D5B5FC79390cE48cDd560Ecdd846668Bc8","4","externa_no_clasificada","False","2026-07-02_hmap.xlsx"
"2026-07-02","hmap","0xfDc0A14C86DC6bdcF192dD6cFd7747ea85FE9391","4","externa_no_clasificada","False","2026-07-02_hmap.xlsx"
"2026-07-02","hmap","0x4f830Bc27D1b22f9497D333a6Db63FAFEf32c4E4","4","externa_no_clasificada","False","2026-07-02_hmap.xlsx"
"2026-07-02","hmap","0x76CD7F7Cd0693EA30E2c43Ca384ADB9d46e2A567","4","externa_no_clasificada","False","2026-07-02_hmap.xlsx"
"2026-07-02","hmap","0x412bb32B810Df3c9fE265BF5Feb8D5576f2bb6d0","4","externa_no_clasificada","False","2026-07-02_hmap.xlsx"
"2026-07-02","hmap","0x9f720008E3614FA43FE4E26CA61A03213C9a20ED","4","externa_no_clasificada","False","2026-07-02_hmap.xlsx"
"2026-07-02","hmap","0x58a94fC89869138ED8840804585340fEdA7821b9","4","externa_no_clasificada","False","2026-07-02_hmap.xlsx"
"2026-07-02","hmap","0xC0cdb2B7B41d78DA02e850274dB5673C1A53EbB4","4","externa_no_clasificada","False","2026-07-02_hmap.xlsx"
"2026-07-02","hmap","0xce2E205F71152df7b77A021CC793eCD9968D483e","4","externa_no_clasificada","False","2026-07-02_hmap.xlsx"
"2026-07-02","hmap","0x52dD045F27E580b97E9C2462c14851E5860B6f66","4","externa_no_clasificada","False","2026-07-02_hmap.xlsx"
"2026-07-02","hmap","0x7004E0dC071b07905500E6c6B631F292E78B5ABE","4","externa_no_clasificada","False","2026-07-02_hmap.xlsx"
"2026-07-02","hmap","0xd020A7dC0650ae3eB6aD37186B74DF1300F6cD55","4","externa_no_clasificada","False","2026-07-02_hmap.xlsx"
"2026-07-02","hmap","0xF266EAeBf4707d9909D2C2631C8aA85ceF99Fde7","4","externa_no_clasificada","False","2026-07-02_hmap.xlsx"
"2026-07-02","hmap","0x1cA3050bFDf6808Bf547b09859A959c383A9179A","4","externa_no_clasificada","False","2026-07-02_hmap.xlsx"
"2026-07-02","hmap","0x4Db08408bF09044B0B9f5C72A5358E436e4F8c98","4","externa_no_clasificada","False","2026-07-02_hmap.xlsx"
"2026-07-02","hmap","0x8516677923C2759100DdcF84750401Bb7d776265","4","externa_no_clasificada","False","2026-07-02_hmap.xlsx"
"2026-07-02","hmap","0xEa7fE926b4861EFEb88c1473F35947f2052FC3ca","4","externa_no_clasificada","False","2026-07-02_hmap.xlsx"
"2026-07-02","hmap","0x6CdC85475945bFD368D6fDc0c02E0aaAb31370DB","4","externa_no_clasificada","False","2026-07-02_hmap.xlsx"
"2026-07-02","hmap","0xC5fb94A2EACB132b989df39a673B0d7Bea5EeE7a","4","externa_no_clasificada","False","2026-07-02_hmap.xlsx"
"2026-07-02","hmap","0xAa559d8F6b5462872E67bF94D8DC920E6a7bbdf9","4","externa_no_clasificada","False","2026-07-02_hmap.xlsx"
"2026-07-02","hmap","0x75A5187448522d9A9df608Fcc7067F481644cEEb","4","externa_no_clasificada","False","2026-07-02_hmap.xlsx"
"2026-07-02","hmap","0x7Be255A84639978B804EcC7819903195Bb5e365e","4","externa_no_clasificada","False","2026-07-02_hmap.xlsx"
"2026-07-02","hmap","0x849a8FF42DcBF825D2D6b62d2F0A66bd3b946fb6","4","externa_no_clasificada","False","2026-07-02_hmap.xlsx"
"2026-07-02","hmap","0x3a3c505eeA1F71EcA5A8fEFa293F8d1412d593C0","4","externa_no_clasificada","False","2026-07-02_hmap.xlsx"
"2026-07-02","hmap","0x4162a589b2Df254d2191c2634617644864ee66F4","4","externa_no_clasificada","False","2026-07-02_hmap.xlsx"
"2026-07-02","hmap","0x958d09ed73A3118a24bc43d0d8E858ab9C256c49","4","externa_no_clasificada","False","2026-07-02_hmap.xlsx"
"2026-07-02","hmap","0x614D8d03DAD6AeB57700C8DD4716841ec6219Ebb","4","externa_no_clasificada","False","2026-07-02_hmap.xlsx"
"2026-07-02","hmap","0xbD72d83A9904Cf27E6FbAD6fE291f0eb226b1CDb","4","externa_no_clasificada","False","2026-07-02_hmap.xlsx"
"2026-07-02","hmap","0x369aD459A6985848736A944710F4EA5eC908E151","4","externa_no_clasificada","False","2026-07-02_hmap.xlsx"
"2026-07-02","hmap","0x34b48F88E5e57d796e781Dfbe4D2409BD75EaA92","4","externa_no_clasificada","False","2026-07-02_hmap.xlsx"
"2026-07-02","hmap","0xdF6522E31f0B4C94EDB46e0D2F10d792568dc741","4","externa_no_clasificada","False","2026-07-02_hmap.xlsx"
"2026-07-02","hmap","0xd4F86d4EB43FBC59D82bf088947Fc03608c38A55","4","externa_no_clasificada","False","2026-07-02_hmap.xlsx"
"2026-07-02","hmap","0xFCdDD119835B5F3C728221F46e5BA5b10f98d52A","4","externa_no_clasificada","False","2026-07-02_hmap.xlsx"
"2026-07-02","hmap","0x1c1BE2486C2725A877fCfA80528CEc1aD95A6186","4","externa_no_clasificada","False","2026-07-02_hmap.xlsx"
"2026-07-02","hmap","0x02287c7A5B8B5516115dac00ACa95196Aa5382F2","4","externa_no_clasificada","False","2026-07-02_hmap.xlsx"
"2026-07-02","hmap","0x0e3fc65b13a5FA9d8D7eD20074d03C90C6FA45a9","4","externa_no_clasificada","False","2026-07-02_hmap.xlsx"
"2026-07-02","hmap","0x5fB2cbF750D648Bc7C8B25CB3e23818a14Af5E16","4","externa_no_clasificada","False","2026-07-02_hmap.xlsx"
"2026-07-02","hmap","0x637d43afc56e2401e9F4be82F1B7cd71933be864","3,89597","externa_no_clasificada","False","2026-07-02_hmap.xlsx"
"2026-07-02","hmap","0x54b26924FB51dee43b5B282f470FE1A9a64cE812","3,78312","externa_no_clasificada","False","2026-07-02_hmap.xlsx"
"2026-07-02","hmap","0xC101029c27EA2ef9b8d5f1A8a705F3b1CF11c1c6","3,67173","externa_no_clasificada","False","2026-07-02_hmap.xlsx"
"2026-07-02","hmap","0x5c7F84ddc630C7d3A4F92B4c64e48112a2D06513","3,6","externa_no_clasificada","False","2026-07-02_hmap.xlsx"
"2026-07-02","hmap","0xBa262f0aB9ea6edF9f5e4404D1868dcd139a4E98","3,4","externa_no_clasificada","False","2026-07-02_hmap.xlsx"
"2026-07-02","hmap","0x5fA7beCa3e267Bf4e66D90afe7aE9095ca9AB23C","3,4","externa_no_clasificada","False","2026-07-02_hmap.xlsx"
"2026-07-02","hmap","0x300F9d7fd88C725D1085cd66956d2dB0329bA4E6","3,20188","externa_no_clasificada","False","2026-07-02_hmap.xlsx"
"2026-07-02","hmap","0xc8C33Af126Ac5933D3e3B1E279c79404cd74fC1e","3,0066","externa_no_clasificada","False","2026-07-02_hmap.xlsx"
"2026-07-02","hmap","0x0DB7b10cF7E67d385202e0A078D750b3423e561d","3,002","externa_no_clasificada","False","2026-07-02_hmap.xlsx"
"2026-07-02","hmap","0x408d8EBD0cefF242Bd840b1B6337938884dF114E","3","externa_no_clasificada","False","2026-07-02_hmap.xlsx"
"2026-07-02","hmap","0x606E0DC135Acf184B1dAE64Be08959D58E7b81Af","3","externa_no_clasificada","False","2026-07-02_hmap.xlsx"
"2026-07-02","hmap","0xC8C211d21Af19B2CC6F1431dF251D7c01C43397e","3","externa_no_clasificada","False","2026-07-02_hmap.xlsx"
"2026-07-02","hmap","0x9681722D134936F1507404AD0f1a410D736D02A0","3","externa_no_clasificada","False","2026-07-02_hmap.xlsx"
"2026-07-02","hmap","0x5b2b4bF2D5fB1062edD37c685a996b96c42BD76b","3","externa_no_clasificada","False","2026-07-02_hmap.xlsx"
"2026-07-02","hmap","0x9E92874Ee73f9d050D100B979c91d8A23307c0a2","3","externa_no_clasificada","False","2026-07-02_hmap.xlsx"
"2026-07-02","hmap","0x7C9f1c9c5278A3Bb6D6627e9A90ff934572c62F5","3","externa_no_clasificada","False","2026-07-02_hmap.xlsx"
"2026-07-02","hmap","0xfde0f3c26783f031E1B32702C08E230d141f549c","3","externa_no_clasificada","False","2026-07-02_hmap.xlsx"
"2026-07-02","hmap","0xf157eE3032FAbEbeefEE2aA6aBF71e22fBdd8A6A","3","externa_no_clasificada","False","2026-07-02_hmap.xlsx"
"2026-07-02","hmap","0xcc7Bad7053920E02CE2F04F9f2e128bAefAA031C","3","externa_no_clasificada","False","2026-07-02_hmap.xlsx"
"2026-07-02","hmap","0xfB50e4EF86025504Aa3b38001E51Ba59562d75e0","3","externa_no_clasificada","False","2026-07-02_hmap.xlsx"
"2026-07-02","hmap","0x29CC154F5E1EC827Db84d2E5506dD28d627bA2E2","3","externa_no_clasificada","False","2026-07-02_hmap.xlsx"
"2026-07-02","hmap","0x49b2A5F9d7c253c39422287A26BA999dbc8dE031","3","externa_no_clasificada","False","2026-07-02_hmap.xlsx"
"2026-07-02","hmap","0xAbD21953B4c5839D71A53642987D6d16D3b35382","3","externa_no_clasificada","False","2026-07-02_hmap.xlsx"
"2026-07-02","hmap","0xB67be1C42F9BAc39Ed9060F678C8121844Ca86d2","3","externa_no_clasificada","False","2026-07-02_hmap.xlsx"
"2026-07-02","hmap","0x481E40fE44e43d775307702054558EeADCCa78a2","3","externa_no_clasificada","False","2026-07-02_hmap.xlsx"
"2026-07-02","hmap","0xadF130aE367040Eb42db010A5ddBea6c2B5BD9F3","3","externa_no_clasificada","False","2026-07-02_hmap.xlsx"
"2026-07-02","hmap","0xd84483Dc0589edF1CE6629c4b68c5815856d2b7C","3","externa_no_clasificada","False","2026-07-02_hmap.xlsx"
"2026-07-02","hmap","0x1D7081C3A0BfD9D5C7695386be9C2D037f0bEf93","3","externa_no_clasificada","False","2026-07-02_hmap.xlsx"
"2026-07-02","hmap","0x6fa9980A403E6296f68482A936CEb9263D46cdf5","3","externa_no_clasificada","False","2026-07-02_hmap.xlsx"
"2026-07-02","hmap","0xf888800cBd74de4a10DDDB71Fe380Ac539b9457F","3","externa_no_clasificada","False","2026-07-02_hmap.xlsx"
"2026-07-02","hmap","0x0C096E2Dc651C5ea2882096a12921C26B870F7F6","3","externa_no_clasificada","False","2026-07-02_hmap.xlsx"
"2026-07-02","hmap","0xd845345E9942a052cBaEc2AB311549cD4cF8e042","3","externa_no_clasificada","False","2026-07-02_hmap.xlsx"
"2026-07-02","hmap","0x3464f2Ac30A4642f9434bc0235A7856eb207c142","3","externa_no_clasificada","False","2026-07-02_hmap.xlsx"
"2026-07-02","hmap","0x5C70bD9245A3047992b149933ca74e78e8b30CB7","3","externa_no_clasificada","False","2026-07-02_hmap.xlsx"
"2026-07-02","hmap","0xC85872a382e6aE9C38990D93b7B84b5E8e3C1e2a","3","externa_no_clasificada","False","2026-07-02_hmap.xlsx"
"2026-07-02","hmap","0x1BB792126AffD46C8D633Ab2817a3f16DA0C1a19","3","externa_no_clasificada","False","2026-07-02_hmap.xlsx"
"2026-07-02","hmap","0x042F09dF332550E0b4631A59DB4B082cddE704AE","3","externa_no_clasificada","False","2026-07-02_hmap.xlsx"
"2026-07-02","hmap","0xB42f7571899cF27357f363C0cB1F4C5558782A4E","3","externa_no_clasificada","False","2026-07-02_hmap.xlsx"
"2026-07-02","hmap","0x820F831f6fE1D7752f028a1b7c177DaC4B8d0843","3","externa_no_clasificada","False","2026-07-02_hmap.xlsx"
"2026-07-02","hmap","0x8FFeF05432F1aE4Ba098d6Bab4F160213c051728","3","externa_no_clasificada","False","2026-07-02_hmap.xlsx"
"2026-07-02","hmap","0xb4Db24e085745f6Ee8E79C808926258E80baf6f5","3","externa_no_clasificada","False","2026-07-02_hmap.xlsx"
"2026-07-02","hmap","0xcB3676AA0D6C223751d169417419d0DA18C94ABE","3","externa_no_clasificada","False","2026-07-02_hmap.xlsx"
"2026-07-02","hmap","0x63f2B2A3Cf83785f2A3799Bc3110386F70fbE57f","3","externa_no_clasificada","False","2026-07-02_hmap.xlsx"
"2026-07-02","hmap","0x3231C4A8A9249E8f53164B99fF0Bab7fd154f0D0","3","externa_no_clasificada","False","2026-07-02_hmap.xlsx"
"2026-07-02","hmap","0xA14F1dFdbA362Af789Ea5275540460FE674587A5","3","externa_no_clasificada","False","2026-07-02_hmap.xlsx"
"2026-07-02","hmap","0x0Eb9df2bC7e95cf34c8a3c2C777554138E367aE1","3","externa_no_clasificada","False","2026-07-02_hmap.xlsx"
"2026-07-02","hmap","0x057E728F763480B2086Edf2DBc6eBd63705c721A","3","externa_no_clasificada","False","2026-07-02_hmap.xlsx"
"2026-07-02","hmap","0x7340538043a10507be583A0C9Bb7A87d9FAF29dD","3","externa_no_clasificada","False","2026-07-02_hmap.xlsx"
"2026-07-02","hmap","0x3a10170A61bDEc9E5B0c807Ff6f097DbDCc1ad33","3","externa_no_clasificada","False","2026-07-02_hmap.xlsx"
"2026-07-02","hmap","0xb19612C5481de543c281C237CE3d0691D43c4316","3","externa_no_clasificada","False","2026-07-02_hmap.xlsx"
"2026-07-02","hmap","0x8bc85668efE6b0BEc6CB81Dbea5F766de102f2Fa","3","externa_no_clasificada","False","2026-07-02_hmap.xlsx"
"2026-07-02","hmap","0x438537fEcFf00F10cF376FbD4d6891B7751a9127","3","externa_no_clasificada","False","2026-07-02_hmap.xlsx"
"2026-07-02","hmap","0x3949B9E22D49F018204EC248A9Df33807E11B494","3","externa_no_clasificada","False","2026-07-02_hmap.xlsx"
"2026-07-02","hmap","0xDa53dC33bAa7503FBCCcB822D839F70b724bE5D2","3","externa_no_clasificada","False","2026-07-02_hmap.xlsx"
"2026-07-02","hmap","0x0eE29dB66B41F81440461473c6400302701Eb863","3","externa_no_clasificada","False","2026-07-02_hmap.xlsx"
"2026-07-02","hmap","0x7570C035d35d0E98ea6d5C07e590Ae2692319CE5","3","externa_no_clasificada","False","2026-07-02_hmap.xlsx"
"2026-07-02","hmap","0xa041C49f4D1ef6559011fB519751020B360166bA","3","externa_no_clasificada","False","2026-07-02_hmap.xlsx"
"2026-07-02","hmap","0x9Da5298dDe33E6CdBF6c2aBe144f977e6Fe8D196","3","externa_no_clasificada","False","2026-07-02_hmap.xlsx"
"2026-07-02","hmap","0x679b88565B31C190C701EF47710b8C9bAf489A6b","3","externa_no_clasificada","False","2026-07-02_hmap.xlsx"
"2026-07-02","hmap","0x3d6495A1B5ED85a3D0B7D423191de9C3098f7a30","3","externa_no_clasificada","False","2026-07-02_hmap.xlsx"
"2026-07-02","hmap","0xB64DF71180AEb12c9e826e73572D91a93af182ca","3","externa_no_clasificada","False","2026-07-02_hmap.xlsx"
"2026-07-02","hmap","0x74deCc26Cd6bd7A437B83a269f6568CDe7Ac16E7","3","externa_no_clasificada","False","2026-07-02_hmap.xlsx"
"2026-07-02","hmap","0x75AC2d727bDefC6eC3e4619FB87101D75a9FfD45","3","externa_no_clasificada","False","2026-07-02_hmap.xlsx"
"2026-07-02","hmap","0xA533f807BbE4e52D2702A43040B215cca489085C","3","externa_no_clasificada","False","2026-07-02_hmap.xlsx"
"2026-07-02","hmap","0x6345bFC2ea0AaD36d355DE66B5584cA2AcB3F214","3","externa_no_clasificada","False","2026-07-02_hmap.xlsx"
"2026-07-02","hmap","0x44cEc14061e7AD8fc030C677b6bD34000Bf796b0","3","externa_no_clasificada","False","2026-07-02_hmap.xlsx"
"2026-07-02","hmap","0x95942c333e0b9Bb22478387A0a9bb138f511751C","3","externa_no_clasificada","False","2026-07-02_hmap.xlsx"
"2026-07-02","hmap","0xf9eDd04EbA7f67741C8b7662E8Cf655f2D6573d8","3","externa_no_clasificada","False","2026-07-02_hmap.xlsx"
"2026-07-02","hmap","0x46b430Ed52054EF994161dD0fa85e5e493b19FfC","3","externa_no_clasificada","False","2026-07-02_hmap.xlsx"
"2026-07-02","hmap","0x0a5B398Dd2eC4F02f8D2456465FFa7E2860DB26E","3","externa_no_clasificada","False","2026-07-02_hmap.xlsx"
"2026-07-02","hmap","0x6cC612A21E1A65411F92029b07fEc40cc8E310ed","3","externa_no_clasificada","False","2026-07-02_hmap.xlsx"
"2026-07-02","hmap","0xc8d72f80538e735E95ee57BB22D411C392d74697","3","externa_no_clasificada","False","2026-07-02_hmap.xlsx"
"2026-07-02","hmap","0xd30392c2Bd33cb93eFaD635fcF0C606C4817a0e7","3","externa_no_clasificada","False","2026-07-02_hmap.xlsx"
"2026-07-02","hmap","0xe8136204c7e978dE82D563526f424C05d397f0CA","3","externa_no_clasificada","False","2026-07-02_hmap.xlsx"
"2026-07-02","hmap","0x630fC6Eb53ddbF2F9d55Cf90a1114237983D7CfB","3","externa_no_clasificada","False","2026-07-02_hmap.xlsx"
"2026-07-02","hmap","0x4f5dcaC366ea97a4256A31eb9C8ae72c12a14D88","3","externa_no_clasificada","False","2026-07-02_hmap.xlsx"
"2026-07-02","hmap","0xE315378fD57b4676F05C56B9515bad999eD0A028","3","externa_no_clasificada","False","2026-07-02_hmap.xlsx"
"2026-07-02","hmap","0xd4Af7A56aAb0FBE18648140e7675bD77b4DedFa1","3","externa_no_clasificada","False","2026-07-02_hmap.xlsx"
"2026-07-02","hmap","0x793a2101A84ff35B88032Ea27D36Bb32252f903f","3","externa_no_clasificada","False","2026-07-02_hmap.xlsx"
"2026-07-02","hmap","0x7ed2A5c2d291B7AAa9458eb3F85e23124A8AbC88","3","externa_no_clasificada","False","2026-07-02_hmap.xlsx"
"2026-07-02","hmap","0x05EEE5465EEf9FF91523aB73B157C9660dE22d72","3","externa_no_clasificada","False","2026-07-02_hmap.xlsx"
"2026-07-02","hmap","0x2D128417C95a1ebF385DCE3d4312D433906D6868","3","externa_no_clasificada","False","2026-07-02_hmap.xlsx"
"2026-07-02","hmap","0x33C0a4E1e1Fce46b7D30A03cD75D7E182B924722","3","externa_no_clasificada","False","2026-07-02_hmap.xlsx"
"2026-07-02","hmap","0xA8b66a87E19cEB851C9DCd21379C65a3e2C0F255","3","externa_no_clasificada","False","2026-07-02_hmap.xlsx"
"2026-07-02","hmap","0x216CBF97450a659F7f88012214EfFCd5F1934361","3","externa_no_clasificada","False","2026-07-02_hmap.xlsx"
"2026-07-02","hmap","0x4fFF46bd8BB3f0633366d85A427fd670cdE51202","3","externa_no_clasificada","False","2026-07-02_hmap.xlsx"
"2026-07-02","hmap","0x1aa73563DC58Ee79d7c8bD405b17C3A8C0737781","3","externa_no_clasificada","False","2026-07-02_hmap.xlsx"
"2026-07-02","hmap","0x8814411C0BA2585d75B4c6c794a3AA26874A1f1F","3","externa_no_clasificada","False","2026-07-02_hmap.xlsx"
"2026-07-02","hmap","0x1C5AF0da4F22530d78Dcf00AE0C04c15666521A5","3","externa_no_clasificada","False","2026-07-02_hmap.xlsx"
"2026-07-02","hmap","0x548E9C9fb258D2A14Bf4c15e738a695aeBfDd7a3","3","externa_no_clasificada","False","2026-07-02_hmap.xlsx"
"2026-07-02","hmap","0xC33B2298911e9d1B46f7106C2B2a8627352751B8","3","externa_no_clasificada","False","2026-07-02_hmap.xlsx"
"2026-07-02","hmap","0x757b7640489C594C2BB667c8E1eADc26235F76f9","3","externa_no_clasificada","False","2026-07-02_hmap.xlsx"
"2026-07-02","hmap","0x9b4a384a4e9ea502993e691945e3C24146df5bb7","3","externa_no_clasificada","False","2026-07-02_hmap.xlsx"
"2026-07-02","hmap","0xCCb357185a405c99f182B3FA8EDC3A3f740cA67F","3","externa_no_clasificada","False","2026-07-02_hmap.xlsx"
"2026-07-02","hmap","0x3b5b21CaCA7400eAAc03DFecEf57Ea5420AFF8D8","3","externa_no_clasificada","False","2026-07-02_hmap.xlsx"
"2026-07-02","hmap","0x5192687CF9b3305e199Fd31C842c9A1B27C75bF5","3","externa_no_clasificada","False","2026-07-02_hmap.xlsx"
"2026-07-02","hmap","0xE302f94c019A9b6E68cF0421582f934c51263De8","3","externa_no_clasificada","False","2026-07-02_hmap.xlsx"
"2026-07-02","hmap","0xBE337E6811fEB44D90F9d6E40b138cedADaD2b47","3","externa_no_clasificada","False","2026-07-02_hmap.xlsx"
"2026-07-02","hmap","0x2120Ce5aCCD12709495Be9D3DdD2d25fc1161DBb","3","externa_no_clasificada","False","2026-07-02_hmap.xlsx"
"2026-07-02","hmap","0x81f0FBaaB9fB79c4A433Adce9B3cd31fae543f2C","3","externa_no_clasificada","False","2026-07-02_hmap.xlsx"
"2026-07-02","hmap","0x56334Bc70F05eEC33E5678E64FA0DCA0D174630a","3","externa_no_clasificada","False","2026-07-02_hmap.xlsx"
"2026-07-02","hmap","0xD811dF41f9a34EF9FD23F2D01668FA3AE56E6F67","3","externa_no_clasificada","False","2026-07-02_hmap.xlsx"
"2026-07-02","hmap","0x6Ff935fB273708D27D0CF6f4d631Dbc339689B6E","3","externa_no_clasificada","False","2026-07-02_hmap.xlsx"
"2026-07-02","hmap","0xb89Ca204a878F53962b62E4f2202CC14260c8a7B","3","externa_no_clasificada","False","2026-07-02_hmap.xlsx"
"2026-07-02","hmap","0x27109a72CFb91BfD225A88E2F892d5BecC7cfC70","3","externa_no_clasificada","False","2026-07-02_hmap.xlsx"
"2026-07-02","hmap","0xb92b19D3286593ae2cadc015BB657FFbB9dCa76d","3","externa_no_clasificada","False","2026-07-02_hmap.xlsx"
"2026-07-02","hmap","0x0A2A3F0BeACa507B9B7Bf367695493e28bBB7502","3","externa_no_clasificada","False","2026-07-02_hmap.xlsx"
"2026-07-02","hmap","0x6216f7B22560038Eb458a5988A61B5b6b5427C90","3","externa_no_clasificada","False","2026-07-02_hmap.xlsx"
"2026-07-02","hmap","0x35E0be408916f8364535E305c0886939c7878e6F","3","externa_no_clasificada","False","2026-07-02_hmap.xlsx"
"2026-07-02","hmap","0xD4cBE7338dCdF623de0B2a0CDE371F44289C8383","3","externa_no_clasificada","False","2026-07-02_hmap.xlsx"
"2026-07-02","hmap","0xd257e3A4eBE71f34d3a91880f743BB40B0E8211a","3","externa_no_clasificada","False","2026-07-02_hmap.xlsx"
"2026-07-02","hmap","0x04AE4b1E69786d7d8Ff08F24c99bb00d8DfE92a7","3","externa_no_clasificada","False","2026-07-02_hmap.xlsx"
"2026-07-02","hmap","0xfDE8eEeDdDeC1Db9e46cF3874dFB101DBfF4927B","3","externa_no_clasificada","False","2026-07-02_hmap.xlsx"
"2026-07-02","hmap","0x1DFf2CBbee8DA6270139B624d483551Ae324Abc1","3","externa_no_clasificada","False","2026-07-02_hmap.xlsx"
"2026-07-02","hmap","0x8901b7cfBa7A004E4D74ff5e3a6E37fC48C0b3a6","3","externa_no_clasificada","False","2026-07-02_hmap.xlsx"
"2026-07-02","hmap","0x7E0840E80afe221B68738106AbBb6899E6468580","3","externa_no_clasificada","False","2026-07-02_hmap.xlsx"
"2026-07-02","hmap","0xD4eeD37c2339B6fff36039b118E9949Ef34AB6e6","3","externa_no_clasificada","False","2026-07-02_hmap.xlsx"
"2026-07-02","hmap","0x13eFe3d5F2906A2093465A0491140D1dB7b04714","3","externa_no_clasificada","False","2026-07-02_hmap.xlsx"
"2026-07-02","hmap","0xb40EE74Facbba9c57A45f9E1B011A34C46f8E770","3","externa_no_clasificada","False","2026-07-02_hmap.xlsx"
"2026-07-02","hmap","0x4D4632EA8EC461ce02eC84a50d06BF538202282F","3","externa_no_clasificada","False","2026-07-02_hmap.xlsx"
"2026-07-02","hmap","0xF8Db85e96F1b2Cf2a943a88FAeF04821498be37A","3","externa_no_clasificada","False","2026-07-02_hmap.xlsx"
"2026-07-02","hmap","0x39CCBfD93431daF14164256B8f5C9ea224A0e657","3","externa_no_clasificada","False","2026-07-02_hmap.xlsx"
"2026-07-02","hmap","0xDA9290Dc317daFf4b01a927ae7CCe11748E973F0","3","externa_no_clasificada","False","2026-07-02_hmap.xlsx"
"2026-07-02","hmap","0x77fe024FDEfa16b2a90e1802763BD85281a55833","3","externa_no_clasificada","False","2026-07-02_hmap.xlsx"
"2026-07-02","hmap","0x8B5C82d0AD641077b802d7f4800FED5A006D1c8a","3","externa_no_clasificada","False","2026-07-02_hmap.xlsx"
"2026-07-02","hmap","0x08a1Fe7D0C8E254DA5Dbc3053fa25E07ACAfcecB","3","externa_no_clasificada","False","2026-07-02_hmap.xlsx"
"2026-07-02","hmap","0x300fC1361575eE26aA4c8725FF120D521d64cf8b","3","externa_no_clasificada","False","2026-07-02_hmap.xlsx"
"2026-07-02","hmap","0x4000C4Bc73E0AE173F522901D5eb6a8F8d4ad0C1","3","externa_no_clasificada","False","2026-07-02_hmap.xlsx"
"2026-07-02","hmap","0x7D194BC2AF3A599E88e9cAeB017B08D4D5874711","3","externa_no_clasificada","False","2026-07-02_hmap.xlsx"
"2026-07-02","hmap","0x6dB95b0Be536946b483F42cFcCA55A6A82eFAaE0","3","externa_no_clasificada","False","2026-07-02_hmap.xlsx"
"2026-07-02","hmap","0xCd325c994922fAb0cbc900BCc6520ABF6e1eE36a","3","externa_no_clasificada","False","2026-07-02_hmap.xlsx"
"2026-07-02","hmap","0x8c68fe364D0808d9e4341B65A551741A9cF2a732","3","externa_no_clasificada","False","2026-07-02_hmap.xlsx"
"2026-07-02","hmap","0xD822b2e447D0Fd6E924126A2dE52BB1F67d1E10f","3","externa_no_clasificada","False","2026-07-02_hmap.xlsx"
"2026-07-02","hmap","0x21DC7983D7e621d2cAc194689B7Ec5fDC8F157C5","3","externa_no_clasificada","False","2026-07-02_hmap.xlsx"
"2026-07-02","hmap","0xC802354e932E6cebd53C6f2f2EC21A5E601A364A","3","externa_no_clasificada","False","2026-07-02_hmap.xlsx"
"2026-07-02","hmap","0xfe1E0CD4f4D2f6E73725c0c90f96a96ea2164285","3","externa_no_clasificada","False","2026-07-02_hmap.xlsx"
"2026-07-02","hmap","0xaF86059884e0E33C3D69E27e1Baa7aF4EE58140F","3","externa_no_clasificada","False","2026-07-02_hmap.xlsx"
"2026-07-02","hmap","0x2E7EBEe3b1E5C7119D5fC307A47f8E524B559169","3","externa_no_clasificada","False","2026-07-02_hmap.xlsx"
"2026-07-02","hmap","0x7698Fa10D15F9ED13aceC178A3fE3b4A304877F6","3","externa_no_clasificada","False","2026-07-02_hmap.xlsx"
"2026-07-02","hmap","0xc786873F89EC50a10732d96fcd8bcf52A6296D59","3","externa_no_clasificada","False","2026-07-02_hmap.xlsx"
"2026-07-02","hmap","0x1564f9016FEB81Dad5A1E8bf9EdCBeA952FFdF8e","3","externa_no_clasificada","False","2026-07-02_hmap.xlsx"
"2026-07-02","hmap","0x664f1FEE312A6815d538451AcFF184b1CBd0dD70","2,87135","externa_no_clasificada","False","2026-07-02_hmap.xlsx"
"2026-07-02","hmap","0x4D783B56805678CBcCc6C9e6A5a45E4ED127D03e","2,8713","externa_no_clasificada","False","2026-07-02_hmap.xlsx"
"2026-07-02","hmap","0x9cC280ef77BAe1C65DAA2648DAd35859F084b459","2,82649","externa_no_clasificada","False","2026-07-02_hmap.xlsx"
"2026-07-02","hmap","0xde2928C2F44d81554F87B6b761d14e068F0aF899","2,7278","externa_no_clasificada","False","2026-07-02_hmap.xlsx"
"2026-07-02","hmap","0x5e2C410F03E188b5B26EE86cA919c64c2Ce7aCEC","2,6042","externa_no_clasificada","False","2026-07-02_hmap.xlsx"
"2026-07-02","hmap","0x8b200F85De0cd885904fE8A7830ec91aa3981b57","2,44","externa_no_clasificada","False","2026-07-02_hmap.xlsx"
"2026-07-02","hmap","0x4Ecab2c55B9399f937DbBF72FeE27b538768FFB2","2,4197","externa_no_clasificada","False","2026-07-02_hmap.xlsx"
"2026-07-02","hmap","0x0Bb661C3f6C76Ee412c7AA8deA02D20aCf0923F5","2,4","externa_no_clasificada","False","2026-07-02_hmap.xlsx"
"2026-07-02","hmap","0x842C9AED86d3EC60986378052C0d1b55F8da5be4","2,19635","externa_no_clasificada","False","2026-07-02_hmap.xlsx"
"2026-07-02","hmap","0x766ebd1e154D11fBa79f929f81478364c1A790b9","2,14236","externa_no_clasificada","False","2026-07-02_hmap.xlsx"
"2026-07-02","hmap","0x969EDb812E545a87174067ef0118F93c14155B3a","2,1","externa_no_clasificada","False","2026-07-02_hmap.xlsx"
"2026-07-02","hmap","0x13FDc1b405B71F19E61E86d5a3332A10E3f5Cf0b","2,0914","externa_no_clasificada","False","2026-07-02_hmap.xlsx"
"2026-07-02","hmap","0xf02FDbC89b1a36eA920f3C9Bb43b4Ce63125fF70","2,0396","externa_no_clasificada","False","2026-07-02_hmap.xlsx"
"2026-07-02","hmap","0x7c902e4adAe3bF612752926933DEeb7fb07C9044","2,03151","externa_no_clasificada","False","2026-07-02_hmap.xlsx"
"2026-07-02","hmap","0xC52C557e77bd430A594D626a5A4E5ec9836eC086","2","externa_no_clasificada","False","2026-07-02_hmap.xlsx"
"2026-07-02","hmap","0xfc38562705D81ab14794D6E27d51081c6AcE8E57","2","externa_no_clasificada","False","2026-07-02_hmap.xlsx"
"2026-07-02","hmap","0x65F401540CD521d6c457dC561B57AFA467467F3C","2","externa_no_clasificada","False","2026-07-02_hmap.xlsx"
"2026-07-02","hmap","0x5b49F5950af7530E6D7D1cE69C81323B5b5A062F","2","externa_no_clasificada","False","2026-07-02_hmap.xlsx"
"2026-07-02","hmap","0xbcC08B4ED86690186FC4A3a637Bb87D946F0C64a","2","externa_no_clasificada","False","2026-07-02_hmap.xlsx"
"2026-07-02","hmap","0x5B1d8A6c0ee74592C9eD0B8C02739FdC3EF8dDb9","2","externa_no_clasificada","False","2026-07-02_hmap.xlsx"
"2026-07-02","hmap","0x21B350658ff69d72992ffc1FDa11e3aeAa152b1a","2","externa_no_clasificada","False","2026-07-02_hmap.xlsx"
"2026-07-02","hmap","0xd0523920A978332c9EB5B8BeAF605716179A56bA","2","externa_no_clasificada","False","2026-07-02_hmap.xlsx"
"2026-07-02","hmap","0x17583742FDB84b1F5895A1eA3c3a924da786DCe5","2","externa_no_clasificada","False","2026-07-02_hmap.xlsx"
"2026-07-02","hmap","0x91517dE11E558a6E6df3e55806474689F47d199e","2","externa_no_clasificada","False","2026-07-02_hmap.xlsx"
"2026-07-02","hmap","0x4692C564DF979f8C9C7dF7F9561D9baf800ca4d1","2","externa_no_clasificada","False","2026-07-02_hmap.xlsx"
"2026-07-02","hmap","0x6Ea98841a32bc28c7a90CB8f5aeB60b748cCc3D8","2","externa_no_clasificada","False","2026-07-02_hmap.xlsx"
"2026-07-02","hmap","0x72361cc9b42DF22442906428fAe886D1Deff2F22","2","externa_no_clasificada","False","2026-07-02_hmap.xlsx"
"2026-07-02","hmap","0x842466C40FB4b21a5d7721E47579F86638778836","2","externa_no_clasificada","False","2026-07-02_hmap.xlsx"
"2026-07-02","hmap","0xcB0E00B718A2abb6B52384B8377373Ce00a38E55","2","externa_no_clasificada","False","2026-07-02_hmap.xlsx"
"2026-07-02","hmap","0x713F13678D4e22C8E89b9E781824FcA9188B9560","2","externa_no_clasificada","False","2026-07-02_hmap.xlsx"
"2026-07-02","hmap","0xbb62EfE5021D62b89BB249217747e6C781254b23","2","externa_no_clasificada","False","2026-07-02_hmap.xlsx"
"2026-07-02","hmap","0x6Ea4758A8f10E43514a857623aC40794ba24d02b","2","externa_no_clasificada","False","2026-07-02_hmap.xlsx"
"2026-07-02","hmap","0x34f85D153f4BFa77a256c04Ff7C93567E4B0e8d1","2","externa_no_clasificada","False","2026-07-02_hmap.xlsx"
"2026-07-02","hmap","0x5febdbd6ebB182d224Ef4E01ef96ACb22ba9Ab3C","2","externa_no_clasificada","False","2026-07-02_hmap.xlsx"
"2026-07-02","hmap","0xD95A814bFF326F989c57F695F553775D8DB5Bd5f","2","externa_no_clasificada","False","2026-07-02_hmap.xlsx"
"2026-07-02","hmap","0x2666b5f45E73E56a850fd0aD48AF67d6f1ce3bA1","2","externa_no_clasificada","False","2026-07-02_hmap.xlsx"
"2026-07-02","hmap","0x16941cfEC356630cef8d301505092FEe3A3521bA","2","externa_no_clasificada","False","2026-07-02_hmap.xlsx"
"2026-07-02","hmap","0x0568015363fd7679f5baD6C72997776b306E6dEC","2","externa_no_clasificada","False","2026-07-02_hmap.xlsx"
"2026-07-02","hmap","0x86d5728a579CF9E3879a70176e49A0C80679b195","2","externa_no_clasificada","False","2026-07-02_hmap.xlsx"
"2026-07-02","hmap","0x9589217433F109f9794928D311d81a42102FA17B","2","externa_no_clasificada","False","2026-07-02_hmap.xlsx"
"2026-07-02","hmap","0xae26BFF142a14ca839bd0AcB9b2f83f3213B48cd","2","externa_no_clasificada","False","2026-07-02_hmap.xlsx"
"2026-07-02","hmap","0x246EE4efB101b3ba0DFd138D79a167f4749cc212","2","externa_no_clasificada","False","2026-07-02_hmap.xlsx"
"2026-07-02","hmap","0x839f8237f9a80FBe5ecD95C07d74e787169D3a4f","2","externa_no_clasificada","False","2026-07-02_hmap.xlsx"
"2026-07-02","hmap","0xce31ce7A7b6E4388c13B3962070C3450Ec953226","2","externa_no_clasificada","False","2026-07-02_hmap.xlsx"
"2026-07-02","hmap","0xcE7D29451dE6b1881D1dD57a7132411E17524669","2","externa_no_clasificada","False","2026-07-02_hmap.xlsx"
"2026-07-02","hmap","0xEAc6Bd90E201aA64F236E808974FAA5d7484CE67","2","externa_no_clasificada","False","2026-07-02_hmap.xlsx"
"2026-07-02","hmap","0xB6E26600A3E6801F5C85e04cA98f385a2d2Fc5fd","2","externa_no_clasificada","False","2026-07-02_hmap.xlsx"
"2026-07-02","hmap","0x292935382a6eFc606Ede9C6E85B160b13bDA2f4A","2","externa_no_clasificada","False","2026-07-02_hmap.xlsx"
"2026-07-02","hmap","0xa25E702534a0756792d422bF20c7C59141c9CdC1","2","externa_no_clasificada","False","2026-07-02_hmap.xlsx"
"2026-07-02","hmap","0xdEd1B9D5ED924EbA45e9D811F0B5fd399Bd0724e","2","externa_no_clasificada","False","2026-07-02_hmap.xlsx"
"2026-07-02","hmap","0x609D805f4d6A50963a453a1f3A7dbe1254981619","2","externa_no_clasificada","False","2026-07-02_hmap.xlsx"
"2026-07-02","hmap","0x4AC932c0D5f2163C1CAA98B18070982Ca079da87","2","externa_no_clasificada","False","2026-07-02_hmap.xlsx"
"2026-07-02","hmap","0xe57F3842E7A6c446DbDD75dC4f579c5a0f04415F","2","externa_no_clasificada","False","2026-07-02_hmap.xlsx"
"2026-07-02","hmap","0x6b00973dC791E0E5b27efD971Ae6235C3cf501Cd","2","externa_no_clasificada","False","2026-07-02_hmap.xlsx"
"2026-07-02","hmap","0xD070015DFC779048Df19967900fc4c2d4E44e818","2","externa_no_clasificada","False","2026-07-02_hmap.xlsx"
"2026-07-02","hmap","0x8a3C1846CAf2574A158607D3Ca1Cb9D4104fCa23","2","externa_no_clasificada","False","2026-07-02_hmap.xlsx"
"2026-07-02","hmap","0xf5B8ce6C8f350F2aa18B4ffDE2DE173d76FEA0C1","2","externa_no_clasificada","False","2026-07-02_hmap.xlsx"
"2026-07-02","hmap","0x24f3B01361Df0d315CCc5D4ae31921Db12e37BD0","2","externa_no_clasificada","False","2026-07-02_hmap.xlsx"
"2026-07-02","hmap","0x28a21c212Ddcafc1689562327beF60D90940589f","2","externa_no_clasificada","False","2026-07-02_hmap.xlsx"
"2026-07-02","hmap","0x4Ff15eF93d14E6CCE24e344133a9E33b2f2f8Fc3","2","externa_no_clasificada","False","2026-07-02_hmap.xlsx"
"2026-07-02","hmap","0x2746c126b0d4baA0e16C7A0Aa35D21Aa3DB93314","2","externa_no_clasificada","False","2026-07-02_hmap.xlsx"
"2026-07-02","hmap","0x3dCc227E3FC97ba0A86547fE1Cc67626Af6620A5","2","externa_no_clasificada","False","2026-07-02_hmap.xlsx"
"2026-07-02","hmap","0xfA3F17ab05119DB09078E8dC3efBd3e702A2034E","2","externa_no_clasificada","False","2026-07-02_hmap.xlsx"
"2026-07-02","hmap","0x629B4f1AE0d99e4333199690D6cCE6a254F0D63a","2","externa_no_clasificada","False","2026-07-02_hmap.xlsx"
"2026-07-02","hmap","0xB7a249c033e110A986941Ac538325A0d4C7FCa9c","2","externa_no_clasificada","False","2026-07-02_hmap.xlsx"
"2026-07-02","hmap","0xC866853cd6091733C4f5744983D38CE0cd55Da51","2","externa_no_clasificada","False","2026-07-02_hmap.xlsx"
"2026-07-02","hmap","0x2529be109f40442F89FFD2fAa08c708d300806a1","2","externa_no_clasificada","False","2026-07-02_hmap.xlsx"
"2026-07-02","hmap","0x69cB90978A3CA6e0Dc49bE7C89391DcAF4ABc49C","2","externa_no_clasificada","False","2026-07-02_hmap.xlsx"
"2026-07-02","hmap","0xdFaC07f6384DE9ffD12722B54b43fF4ddB8D4d41","2","externa_no_clasificada","False","2026-07-02_hmap.xlsx"
"2026-07-02","hmap","0x6E053A3647B0A5d6F0a2f1832216b74D1ca90bFa","2","externa_no_clasificada","False","2026-07-02_hmap.xlsx"
"2026-07-02","hmap","0x1d478279405Ade5AE28ba47621b383AFc9e80D14","2","externa_no_clasificada","False","2026-07-02_hmap.xlsx"
"2026-07-02","hmap","0xd44D1F4453697746ecc4457Ee54de9A462ABae1d","2","externa_no_clasificada","False","2026-07-02_hmap.xlsx"
"2026-07-02","hmap","0x3dFDc11d21C415C17908A798D595853eEAEa91E6","2","externa_no_clasificada","False","2026-07-02_hmap.xlsx"
"2026-07-02","hmap","0x3Efc74B3fb9b4216d589115606dA1859fED583F5","2","externa_no_clasificada","False","2026-07-02_hmap.xlsx"
"2026-07-02","hmap","0xBABec160204AC06CABDC7ABB27aEBd0555f05599","2","externa_no_clasificada","False","2026-07-02_hmap.xlsx"
"2026-07-02","hmap","0x44098A12E86Ce311aC18Caecbb98220a1EFc2419","2","externa_no_clasificada","False","2026-07-02_hmap.xlsx"
"2026-07-02","hmap","0x1e3F738Dcac31b1b4a14f9Eb21C092515De678Cb","2","externa_no_clasificada","False","2026-07-02_hmap.xlsx"
"2026-07-02","hmap","0x4e6fC2Da132080Ec1617424f45A348108265ffD4","2","externa_no_clasificada","False","2026-07-02_hmap.xlsx"
"2026-07-02","hmap","0xcb86aC828C5AA5eB61d444fE7087BD10CFA44f16","2","externa_no_clasificada","False","2026-07-02_hmap.xlsx"
"2026-07-02","hmap","0xC48c616cF4E8EB89ACe5270Ee8fd5dd47D8c63D4","2","externa_no_clasificada","False","2026-07-02_hmap.xlsx"
"2026-07-02","hmap","0xbEDA8F38ea8425ecA643971D6209C7627E8C2c1e","2","externa_no_clasificada","False","2026-07-02_hmap.xlsx"
"2026-07-02","hmap","0x76Cd1CC0841A90919634Ef05213e06c6c92D98fD","2","externa_no_clasificada","False","2026-07-02_hmap.xlsx"
"2026-07-02","hmap","0x0AECAf4b8F2F256054a5aaB73c6B0A768944318c","2","externa_no_clasificada","False","2026-07-02_hmap.xlsx"
"2026-07-02","hmap","0xd4563FF44F700C019b02B8068077a91ef0a791Aa","2","externa_no_clasificada","False","2026-07-02_hmap.xlsx"
"2026-07-02","hmap","0x500c2ccECEE623bfca83697a56a8AcbBe50D91C8","2","externa_no_clasificada","False","2026-07-02_hmap.xlsx"
"2026-07-02","hmap","0x7eA668a75311610E060d424f2Ff9a6ED7B9efbC2","2","externa_no_clasificada","False","2026-07-02_hmap.xlsx"
"2026-07-02","hmap","0xf17CB3aB727AD42d973579aF2D2f3Bc4A0764059","2","externa_no_clasificada","False","2026-07-02_hmap.xlsx"
"2026-07-02","hmap","0xa8B10024400Ee6673B8D91b634CC398124925F49","2","externa_no_clasificada","False","2026-07-02_hmap.xlsx"
"2026-07-02","hmap","0x601d78Ae8B5404f876414643773614ff113ec23b","2","externa_no_clasificada","False","2026-07-02_hmap.xlsx"
"2026-07-02","hmap","0xa0a705A242E5561d128c7e74B615803398972d01","2","externa_no_clasificada","False","2026-07-02_hmap.xlsx"
"2026-07-02","hmap","0x463B32eFd5c3e34FBF0516047Ed10e4e61Ac9ba5","2","externa_no_clasificada","False","2026-07-02_hmap.xlsx"
"2026-07-02","hmap","0xd0329Bec5B2073A7d4152A2ACEb8230db09d7873","2","externa_no_clasificada","False","2026-07-02_hmap.xlsx"
"2026-07-02","hmap","0xFDf78eBf0D12676F4d82988687C46EA08A633E96","2","externa_no_clasificada","False","2026-07-02_hmap.xlsx"
"2026-07-02","hmap","0x495eA864913A386B22651f627cD9ab1101c48e9c","2","externa_no_clasificada","False","2026-07-02_hmap.xlsx"
"2026-07-02","hmap","0x27b15d41070130b9DebF51549D0AaE8195302427","2","externa_no_clasificada","False","2026-07-02_hmap.xlsx"
"2026-07-02","hmap","0xf51125374d9525E976f6F35f68a0E14BE14Ecb45","2","externa_no_clasificada","False","2026-07-02_hmap.xlsx"
"2026-07-02","hmap","0xa467B012547F7Fa86Ae7b9B3572feBA5E3dFf900","2","externa_no_clasificada","False","2026-07-02_hmap.xlsx"
"2026-07-02","hmap","0xf69f7546DDCA1CFA0EaFFaC36879019473b269D6","2","externa_no_clasificada","False","2026-07-02_hmap.xlsx"
"2026-07-02","hmap","0x5cD0f9eA60F84C8e2e632D03147782B125CceE7C","2","externa_no_clasificada","False","2026-07-02_hmap.xlsx"
"2026-07-02","hmap","0xFfE3915051510704B57D0783b618b1f9507174A7","2","externa_no_clasificada","False","2026-07-02_hmap.xlsx"
"2026-07-02","hmap","0x795BcfBB76A6E8Dcf958BeCa111d880a461dDE1e","2","externa_no_clasificada","False","2026-07-02_hmap.xlsx"
"2026-07-02","hmap","0x175E025Ca88a797442FF5921e389E0dEd56ed731","2","externa_no_clasificada","False","2026-07-02_hmap.xlsx"
"2026-07-02","hmap","0x045693E9012d5E3B570D0CA3d7d110013836D0A2","2","externa_no_clasificada","False","2026-07-02_hmap.xlsx"
"2026-07-02","hmap","0x7b286FAC5c177F5cB4051e9140d82Cd2f41200A9","2","externa_no_clasificada","False","2026-07-02_hmap.xlsx"
"2026-07-02","hmap","0x97B2D2602bC3989fc4616ADd7DA76695794736aB","2","externa_no_clasificada","False","2026-07-02_hmap.xlsx"
"2026-07-02","hmap","0xB55596368E17dF6717351c3D95c4d2b703864f01","2","externa_no_clasificada","False","2026-07-02_hmap.xlsx"
"2026-07-02","hmap","0xE007DAF6aC14410BFC2f39f4c90d35B5BE985931","2","externa_no_clasificada","False","2026-07-02_hmap.xlsx"
"2026-07-02","hmap","0xA1e6d0748b873574Fca7abEB888C546c26A381F5","2","externa_no_clasificada","False","2026-07-02_hmap.xlsx"
"2026-07-02","hmap","0x824D10242A600364f49dB4a934Be5FD4D5036528","2","externa_no_clasificada","False","2026-07-02_hmap.xlsx"
"2026-07-02","hmap","0x45A0F93EC5d5312863034Fd075c07a42Db9eb8CB","2","externa_no_clasificada","False","2026-07-02_hmap.xlsx"
"2026-07-02","hmap","0x928694293F9361874120fd094eB2c47e22886C98","2","externa_no_clasificada","False","2026-07-02_hmap.xlsx"
"2026-07-02","hmap","0x7382915Acdc7E552161fBfEA33A357C9C1785bd4","2","externa_no_clasificada","False","2026-07-02_hmap.xlsx"
"2026-07-02","hmap","0xcC5a4F7674a091612b1803685C44a4cc8FF10BB6","2","externa_no_clasificada","False","2026-07-02_hmap.xlsx"
"2026-07-02","hmap","0x2c150A650Cf88054840924F3835A8cc15bd254C9","2","externa_no_clasificada","False","2026-07-02_hmap.xlsx"
"2026-07-02","hmap","0x034FcEa35fdD2837175f37977D4bd8cb81CA0E09","2","externa_no_clasificada","False","2026-07-02_hmap.xlsx"
"2026-07-02","hmap","0xb101CC2DfB6A3fDE878C0473aa578319E159f1cD","2","externa_no_clasificada","False","2026-07-02_hmap.xlsx"
"2026-07-02","hmap","0x542cCbbf8E82E4BB929f5BC41B915c245da7112E","2","externa_no_clasificada","False","2026-07-02_hmap.xlsx"
"2026-07-02","hmap","0x9ee858f2883CF24471156b18F2305c2FFeBD1817","2","externa_no_clasificada","False","2026-07-02_hmap.xlsx"
"2026-07-02","hmap","0x4730377510d1dD8b98D9191b746C76037f685Aca","2","externa_no_clasificada","False","2026-07-02_hmap.xlsx"
"2026-07-02","hmap","0xFdc8f3003f18051F793c2FdDf64957B4b9e290F1","2","externa_no_clasificada","False","2026-07-02_hmap.xlsx"
"2026-07-02","hmap","0x9dB4C09D211Fee87384c918382691361a06A69FA","2","externa_no_clasificada","False","2026-07-02_hmap.xlsx"
"2026-07-02","hmap","0xB0f62dFF3d8c2583C7603A0985a4267Fa3682C0d","2","externa_no_clasificada","False","2026-07-02_hmap.xlsx"
"2026-07-02","hmap","0x8C9592F60Dcc3F5a02Ef409cB4b04E72F7D80810","2","externa_no_clasificada","False","2026-07-02_hmap.xlsx"
"2026-07-02","hmap","0x004f98A870bbd139eECf41f02E67Ad9eDA003Af9","2","externa_no_clasificada","False","2026-07-02_hmap.xlsx"
"2026-07-02","hmap","0xF60348Fb433973ca8BAcB1204998cA300F84fA5D","2","externa_no_clasificada","False","2026-07-02_hmap.xlsx"
"2026-07-02","hmap","0xd20C77BD9fb99671E52693c979008A49c67AF658","2","externa_no_clasificada","False","2026-07-02_hmap.xlsx"
"2026-07-02","hmap","0x6Fe5FCcBba72D64Cd618066f8FfFEdfa1f094bE4","2","externa_no_clasificada","False","2026-07-02_hmap.xlsx"
"2026-07-02","hmap","0xa2EE5a2d6B8e021dB1fF416d9A25F6cfFF16E65D","2","externa_no_clasificada","False","2026-07-02_hmap.xlsx"
"2026-07-02","hmap","0x2E0812CcC787c71ee15f926991c43a6F5998D9e8","2","externa_no_clasificada","False","2026-07-02_hmap.xlsx"
"2026-07-02","hmap","0x3941B0Dbb5AF47EDd037a27C9dbFE20E88a7084a","2","externa_no_clasificada","False","2026-07-02_hmap.xlsx"
"2026-07-02","hmap","0x41d5331EfBC2ac56adb67664B005275379aDf934","2","externa_no_clasificada","False","2026-07-02_hmap.xlsx"
"2026-07-02","hmap","0x43cF1E32029bac8321CCb444B66F8e104149c596","2","externa_no_clasificada","False","2026-07-02_hmap.xlsx"
"2026-07-02","hmap","0x205d8A8c23Df7c694c3c242F9A9DCE423a5E65bE","2","externa_no_clasificada","False","2026-07-02_hmap.xlsx"
"2026-07-02","hmap","0x9E5c63532307DE9bdA4147a6F1CCc2f455772700","2","externa_no_clasificada","False","2026-07-02_hmap.xlsx"
"2026-07-02","hmap","0x1B2A2B7B6e6263b43601d9B43E12eEF9658252b5","2","externa_no_clasificada","False","2026-07-02_hmap.xlsx"
"2026-07-02","hmap","0x4a2fB9a312Ba1BCe475B7d5df2fc20CD44AEC5D1","2","externa_no_clasificada","False","2026-07-02_hmap.xlsx"
"2026-07-02","hmap","0xf2fAf7F834a0DD2f1B6809Fda1b15912Bb087aeD","2","externa_no_clasificada","False","2026-07-02_hmap.xlsx"
"2026-07-02","hmap","0x3389e0089930F9e1c7dae006bd2b26e9659bcb2B","2","externa_no_clasificada","False","2026-07-02_hmap.xlsx"
"2026-07-02","hmap","0xBcFd262C2A7D7e3340C3bf5cb15910EDA6D08181","2","externa_no_clasificada","False","2026-07-02_hmap.xlsx"
"2026-07-02","hmap","0x5544D66f40DA92960edFF33A4DBCe93B4f7B7a38","2","externa_no_clasificada","False","2026-07-02_hmap.xlsx"
"2026-07-02","hmap","0x624b275265A2D06d9DF88F569839e29E0d7542B9","2","externa_no_clasificada","False","2026-07-02_hmap.xlsx"
"2026-07-02","hmap","0x7862E3d08856Fdc6039484B77D117541a6eb321a","2","externa_no_clasificada","False","2026-07-02_hmap.xlsx"
"2026-07-02","hmap","0xaA7fe014Fd62F9A0D2779Fec77F7641F5C23Beab","2","externa_no_clasificada","False","2026-07-02_hmap.xlsx"
"2026-07-02","hmap","0xC2b42cd9E70e3ABEb96675be31D14181a3aeB163","2","externa_no_clasificada","False","2026-07-02_hmap.xlsx"
"2026-07-02","hmap","0xa46e16b9e3f0B58bbc83279c4b6a81CB86A27C1C","2","externa_no_clasificada","False","2026-07-02_hmap.xlsx"
"2026-07-02","hmap","0xE92de16806888Ab471358B3e9092DFbA59061c15","2","externa_no_clasificada","False","2026-07-02_hmap.xlsx"
"2026-07-02","hmap","0xEe103049E47607eA80a4f188E4F0aC49c2E89521","2","externa_no_clasificada","False","2026-07-02_hmap.xlsx"
"2026-07-02","hmap","0xDe69CF147179c2B991b1e0b59F6330daCc9C477A","2","externa_no_clasificada","False","2026-07-02_hmap.xlsx"
"2026-07-02","hmap","0x3e9e67d6263D2a2e55F55aF65f1762Ade3DF4446","2","externa_no_clasificada","False","2026-07-02_hmap.xlsx"
"2026-07-02","hmap","0x48D524ce7A83C4f5FA21A8DfbC5e1b470A54dB13","2","externa_no_clasificada","False","2026-07-02_hmap.xlsx"
"2026-07-02","hmap","0x1942Ec9eB45c074cD1EBDE31b6daB147F7a20551","2","externa_no_clasificada","False","2026-07-02_hmap.xlsx"
"2026-07-02","hmap","0x1dF4bC8F1dbd3aa3C8866bfcACD331dbdeD78017","1,97456","externa_no_clasificada","False","2026-07-02_hmap.xlsx"
"2026-07-02","hmap","0x9dfddc2A696e43a81c9C94acA2334dafb47e3265","1,95331","externa_no_clasificada","False","2026-07-02_hmap.xlsx"
"2026-07-02","hmap","0xa38bd652bc3CAaa0fcEb8221F80B52fe06ed5442","1,95033","externa_no_clasificada","False","2026-07-02_hmap.xlsx"
"2026-07-02","hmap","0x719D0f485eB0546b298e8b8ac405eeC6e19B75FA","1,93326","externa_no_clasificada","False","2026-07-02_hmap.xlsx"
"2026-07-02","hmap","0x03302d1C818dfD826e75C33908818389Ec7c1276","1,79664","externa_no_clasificada","False","2026-07-02_hmap.xlsx"
"2026-07-02","hmap","0xb49439e5aC058F51a8Af4e5787036F55daA33784","1,7","externa_no_clasificada","False","2026-07-02_hmap.xlsx"
"2026-07-02","hmap","0x7cF01b4c0E853F8B9A3a223d200d8Aa5e231429e","1,7","externa_no_clasificada","False","2026-07-02_hmap.xlsx"
"2026-07-02","hmap","0x1f081b90c5757cEE4EBB87d7d30ACD0FF360FE77","1,7","externa_no_clasificada","False","2026-07-02_hmap.xlsx"
"2026-07-02","hmap","0xD2A659662Dc90295D2268576A1eF1ed6cE5EeF1b","1,69872","externa_no_clasificada","False","2026-07-02_hmap.xlsx"
"2026-07-02","hmap","0x055Ff43dd906c84b150aBECc3Fe548bb1f26BE68","1,6945","externa_no_clasificada","False","2026-07-02_hmap.xlsx"
"2026-07-02","hmap","0x424580DeFEC66144f54D8347c20ED4b6670b3004","1,69275","externa_no_clasificada","False","2026-07-02_hmap.xlsx"
"2026-07-02","hmap","0xEA8B6744E15F9D5f283497a0b096e437125C8dc0","1,6498","externa_no_clasificada","False","2026-07-02_hmap.xlsx"
"2026-07-02","hmap","0x6e79B0Ec9c229106E040BE6405CE1F5FB270B77A","1,6336","externa_no_clasificada","False","2026-07-02_hmap.xlsx"
"2026-07-02","hmap","0xC77284168075b288A63Ab84d10316Af3220291e4","1,60986","externa_no_clasificada","False","2026-07-02_hmap.xlsx"
"2026-07-02","hmap","0xd408632Ff2921441370f72D9bEde384626b7BDB9","1,6","externa_no_clasificada","False","2026-07-02_hmap.xlsx"
"2026-07-02","hmap","0x281fcAfb91e002E5ED04d68dB4C156c5da82C1a1","1,5924","externa_no_clasificada","False","2026-07-02_hmap.xlsx"
"2026-07-02","hmap","0x6BB1075778edc41c1289C156dD5FD4dAFE63b287","1,51218","externa_no_clasificada","False","2026-07-02_hmap.xlsx"
"2026-07-02","hmap","0xA396c3Ef81B411C13430a0e6A43bb9c81001C761","1,51035","externa_no_clasificada","False","2026-07-02_hmap.xlsx"
"2026-07-02","hmap","0x2aA9eF704c92B24Ffe6462Fb26c275F44f29aA80","1,5076","externa_no_clasificada","False","2026-07-02_hmap.xlsx"
"2026-07-02","hmap","0x42569D4591fb52e0970AEB334B251BE5AEcd929b","1,5","externa_no_clasificada","False","2026-07-02_hmap.xlsx"
"2026-07-02","hmap","0x6e0bae316C7d8e8961CE5367221247C5C50A6D8d","1,5","externa_no_clasificada","False","2026-07-02_hmap.xlsx"
"2026-07-02","hmap","0x3592CfD0d49eF85C8FC6135027742Fc31a056737","1,5","externa_no_clasificada","False","2026-07-02_hmap.xlsx"
"2026-07-02","hmap","0xEDFac468744b87D5e5403555944980cC2b545f3e","1,5","externa_no_clasificada","False","2026-07-02_hmap.xlsx"
"2026-07-02","hmap","0x59775885a719d085102cf20a006CA15A8BF2f80d","1,5","externa_no_clasificada","False","2026-07-02_hmap.xlsx"
"2026-07-02","hmap","0x2dC33D544Af19c8189D55979882A6269404FF2E0","1,5","externa_no_clasificada","False","2026-07-02_hmap.xlsx"
"2026-07-02","hmap","0xA6108D8D9810aD0E77bBb9D857F7aF393F1B9C00","1,5","externa_no_clasificada","False","2026-07-02_hmap.xlsx"
"2026-07-02","hmap","0xa1D5f8B749693C0665A53ea517705bd194C06a43","1,5","externa_no_clasificada","False","2026-07-02_hmap.xlsx"
"2026-07-02","hmap","0x94804f4A118D47850a9C2d5f2AdC4c2e48b1a887","1,5","externa_no_clasificada","False","2026-07-02_hmap.xlsx"
"2026-07-02","hmap","0xa2a87aAcBB9998B343f2c066b812BdE824C9776d","1,5","externa_no_clasificada","False","2026-07-02_hmap.xlsx"
"2026-07-02","hmap","0xA8d7E64ABF743a0841c4a11A63C2687F28a0e3dE","1,45032","externa_no_clasificada","False","2026-07-02_hmap.xlsx"
"2026-07-02","hmap","0x922E28C49fe0fe04f4d8A3a25e6c2db5b5cec5e9","1,4","externa_no_clasificada","False","2026-07-02_hmap.xlsx"
"2026-07-02","hmap","0x83Ba099359a4ACD4C29EDF4544F1519abD9B464b","1,4","externa_no_clasificada","False","2026-07-02_hmap.xlsx"
"2026-07-02","hmap","0x83cd7e106a1d7dD478beDaaB277f870ae1320040","1,4","externa_no_clasificada","False","2026-07-02_hmap.xlsx"
"2026-07-02","hmap","0x1f17C251dfd4B4709a0aC074588b0436334C8f9e","1,4","externa_no_clasificada","False","2026-07-02_hmap.xlsx"
"2026-07-02","hmap","0x0d38f8aAE56D43b49823C344e85040a5d8d28458","1,4","externa_no_clasificada","False","2026-07-02_hmap.xlsx"
"2026-07-02","hmap","0xB5cD65ad02F1FF7443d58fb009742385F1D9d737","1,4","externa_no_clasificada","False","2026-07-02_hmap.xlsx"
"2026-07-02","hmap","0xc52d07c193A8cC987dBA38D92A933A66cF70CF34","1,4","externa_no_clasificada","False","2026-07-02_hmap.xlsx"
"2026-07-02","hmap","0x65d1a3FE67433D42F7505C528659722C5144CAAa","1,4","externa_no_clasificada","False","2026-07-02_hmap.xlsx"
"2026-07-02","hmap","0xf221C0e526971d483F6169555110011bEcD574e4","1,4","externa_no_clasificada","False","2026-07-02_hmap.xlsx"
"2026-07-02","hmap","0x7c595733E2B9B90EBea83d78681013CcA8E8E5eE","1,4","externa_no_clasificada","False","2026-07-02_hmap.xlsx"
"2026-07-02","hmap","0xb7DFAA8d8201E968e19e42e40080033226180c01","1,4","externa_no_clasificada","False","2026-07-02_hmap.xlsx"
"2026-07-02","hmap","0xe95c79e34E037A19F5CAB10EF154414595153261","1,4","externa_no_clasificada","False","2026-07-02_hmap.xlsx"
"2026-07-02","hmap","0xFA60F5939B79EEce7da62Cad68773a331cC144AE","1,4","externa_no_clasificada","False","2026-07-02_hmap.xlsx"
"2026-07-02","hmap","0xA59d25E80343B02d9773513fE6137149Dc2Dc617","1,3762","externa_no_clasificada","False","2026-07-02_hmap.xlsx"
"2026-07-02","hmap","0x1e82d8E544F68D3d1Ce6D4dcE2aaE9432f0f9bd5","1,35","externa_no_clasificada","False","2026-07-02_hmap.xlsx"
"2026-07-02","hmap","0xe1F1Ec989b2665f65fdbd05664626B0F06137f3a","1,34028","externa_no_clasificada","False","2026-07-02_hmap.xlsx"
"2026-07-02","hmap","0xc881e2836d2fbC8ED69a5274b5bd7D3434139720","1,3","externa_no_clasificada","False","2026-07-02_hmap.xlsx"
"2026-07-02","hmap","0xe40b2Ab75A396F6bb6262268546da53E94df3e1b","1,3","externa_no_clasificada","False","2026-07-02_hmap.xlsx"
"2026-07-02","hmap","0x92DA9C49f95e1dcd3b69360f34f52e5258C1F5D0","1,3","externa_no_clasificada","False","2026-07-02_hmap.xlsx"
"2026-07-02","hmap","0x3C6D957654bE35aAAC2BB591c3E229dEb38AC61f","1,25421","externa_no_clasificada","False","2026-07-02_hmap.xlsx"
"2026-07-02","hmap","0xb13f12588D39D4F44Cd7CF45197C8d4bf06a4BDf","1,2396","externa_no_clasificada","False","2026-07-02_hmap.xlsx"
"2026-07-02","hmap","0x585f9D8e1412dC64F7C5fDF6c554BAca1f92560A","1,20231","externa_no_clasificada","False","2026-07-02_hmap.xlsx"
"2026-07-02","hmap","0x535B39c28b5F30c1480aa209539B5e5F17a54798","1,20075","externa_no_clasificada","False","2026-07-02_hmap.xlsx"
"2026-07-02","hmap","0xDb37D6c0eb8bfaC74aF62b3C04290615C314b792","1,2","externa_no_clasificada","False","2026-07-02_hmap.xlsx"
"2026-07-02","hmap","0x8089566C499D43D57Bcd8ed6C72C8db14a915E6e","1,2","externa_no_clasificada","False","2026-07-02_hmap.xlsx"
"2026-07-02","hmap","0xd3A6826300D0dC9A4Da21E8f4d0e1B831406aA1F","1,2","externa_no_clasificada","False","2026-07-02_hmap.xlsx"
"2026-07-02","hmap","0xE8D84800E7FEE127E1Edea8704CC45eC1aA471Bc","1,2","externa_no_clasificada","False","2026-07-02_hmap.xlsx"
"2026-07-02","hmap","0x5d9bDB6909950c1E46eda3Fa2040b8E9B1431E05","1,2","externa_no_clasificada","False","2026-07-02_hmap.xlsx"
"2026-07-02","hmap","0x9307eef2D6a735528C0B934eCD7DEdEfb9efDe00","1,2","externa_no_clasificada","False","2026-07-02_hmap.xlsx"
"2026-07-02","hmap","0x3599B27b987D1CAC35037c950A7A340cc73963c0","1,14139","externa_no_clasificada","False","2026-07-02_hmap.xlsx"
"2026-07-02","hmap","0xa643A7C70f8193715c90C13f88462dab2f266eBD","1,137","externa_no_clasificada","False","2026-07-02_hmap.xlsx"
"2026-07-02","hmap","0xa554Fa6C754526a79656b7c13b96646CFaD56Da2","1,1147","externa_no_clasificada","False","2026-07-02_hmap.xlsx"
"2026-07-02","hmap","0x3BA91Fc13410Bb98640d61Ca7F182a339b154390","1,10686","externa_no_clasificada","False","2026-07-02_hmap.xlsx"
"2026-07-02","hmap","0x844eCD8f25A28C5F03242Da9B49198D68751600d","1,1044","externa_no_clasificada","False","2026-07-02_hmap.xlsx"
"2026-07-02","hmap","0x5860aB511c784CD1B099070c5c14119b9D889F7C","1,1","externa_no_clasificada","False","2026-07-02_hmap.xlsx"
"2026-07-02","hmap","0xb0a491E6f1ee841A5C12356742bD198c63C705aA","1,1","externa_no_clasificada","False","2026-07-02_hmap.xlsx"
"2026-07-02","hmap","0x5FF5E419468704626D752569a6d4fEc5A8AFe200","1,085","externa_no_clasificada","False","2026-07-02_hmap.xlsx"
"2026-07-02","hmap","0x5FF8CD684E6EC528E3190917C9849c65842A74dD","1,0534","externa_no_clasificada","False","2026-07-02_hmap.xlsx"
"2026-07-02","hmap","0x26Fb6d65C56E5fb310eE6DE88058DD0e9F271013","1,01828","externa_no_clasificada","False","2026-07-02_hmap.xlsx"
"2026-07-02","hmap","0x05b0435e07cb94E72EbAD87275d1b0E828e179Ce","1,01422","externa_no_clasificada","False","2026-07-02_hmap.xlsx"
"2026-07-02","hmap","0xEa16732Ac1765cfe0B41Ea496426F737F0168FF4","1,00039","externa_no_clasificada","False","2026-07-02_hmap.xlsx"
"2026-07-02","hmap","0xB75a09c270fd88b9Fe5Bbc3793694a3851145356","1","externa_no_clasificada","False","2026-07-02_hmap.xlsx"
"2026-07-02","hmap","0xc2916609fe39CB9682bb8B9fD06Ff02D64c4E5a4","1","externa_no_clasificada","False","2026-07-02_hmap.xlsx"
"2026-07-02","hmap","0x9a284a9ccBeD90ba4f32e6308f89f2296a22016D","1","externa_no_clasificada","False","2026-07-02_hmap.xlsx"
"2026-07-02","hmap","0x987e578FC82fFfde5ecb026752E8E1A85A95a7f3","1","externa_no_clasificada","False","2026-07-02_hmap.xlsx"
"2026-07-02","hmap","0xe39C3fdB982FbB7C02Df58F3b44a9D6c799C4aA0","1","externa_no_clasificada","False","2026-07-02_hmap.xlsx"
"2026-07-02","hmap","0xcDF411a1bD98281f4F2d389EbbA6E042aDb23537","1","externa_no_clasificada","False","2026-07-02_hmap.xlsx"
"2026-07-02","hmap","0xB2AB6C3216684657fA2b5247d1e3e344FD853e1b","1","externa_no_clasificada","False","2026-07-02_hmap.xlsx"
"2026-07-02","hmap","0x4C721FfBe5aaa405454533401774E47fe84a7568","1","externa_no_clasificada","False","2026-07-02_hmap.xlsx"
"2026-07-02","hmap","0x9934F480462206667a17e287B5dC1A061c96e2D7","1","externa_no_clasificada","False","2026-07-02_hmap.xlsx"
"2026-07-02","hmap","0x655984E2379254Da396c48379b204A698797776a","1","externa_no_clasificada","False","2026-07-02_hmap.xlsx"
"2026-07-02","hmap","0xf12fB15f1d22aB04eC2bAA86aBF3196bDe0F2762","1","externa_no_clasificada","False","2026-07-02_hmap.xlsx"
"2026-07-02","hmap","0xfAEA512705b4f7F5a8441c9949e23571Fd629860","1","externa_no_clasificada","False","2026-07-02_hmap.xlsx"
"2026-07-02","hmap","0x357c6a21AB7AE28a45e1a56C457dd9af325d08c9","1","externa_no_clasificada","False","2026-07-02_hmap.xlsx"
"2026-07-02","hmap","0x1Fda0Caf249f52D1fF1Dc40eD065bfFF8E02C60C","1","externa_no_clasificada","False","2026-07-02_hmap.xlsx"
"2026-07-02","hmap","0x89c3BD307C598c011ee553562a09307d88965c6b","1","externa_no_clasificada","False","2026-07-02_hmap.xlsx"
"2026-07-02","hmap","0xFbdF4EC38c56622B78415e630f1CDF544c569df1","1","externa_no_clasificada","False","2026-07-02_hmap.xlsx"
"2026-07-02","hmap","0x0820613d4a7143d6E9DCAA0774ad0B5352805Ef8","1","externa_no_clasificada","False","2026-07-02_hmap.xlsx"
"2026-07-02","hmap","0x874C397603e722810F93BF965fa43B1749041A0a","1","externa_no_clasificada","False","2026-07-02_hmap.xlsx"
"2026-07-02","hmap","0xE5A83479383503c9Ad299242b565a89C730F9ec8","1","externa_no_clasificada","False","2026-07-02_hmap.xlsx"
"2026-07-02","hmap","0xfa7C1297F54cF696Ac5EB5c4bF4d7bC2dbD60577","1","externa_no_clasificada","False","2026-07-02_hmap.xlsx"
"2026-07-02","hmap","0x702f96EaA0BAaEbA69a316141e43694E676715c0","1","externa_no_clasificada","False","2026-07-02_hmap.xlsx"
"2026-07-02","hmap","0x68B7C6c13556c4Dc55cC8EDA45178b11D816911c","1","externa_no_clasificada","False","2026-07-02_hmap.xlsx"
"2026-07-02","hmap","0x54593bea15888a2ad64221ee00679e86708eDC07","1","externa_no_clasificada","False","2026-07-02_hmap.xlsx"
"2026-07-02","hmap","0x3e8b67F5E0edF733B44a1521d6D0dE086abbB17a","1","externa_no_clasificada","False","2026-07-02_hmap.xlsx"
"2026-07-02","hmap","0xCDbb767f8305Aa27477cB5365d40d452b27B3F8a","1","externa_no_clasificada","False","2026-07-02_hmap.xlsx"
"2026-07-02","hmap","0xFD26D2785ebbA1De5cef6c340F50a175Bf17163E","1","externa_no_clasificada","False","2026-07-02_hmap.xlsx"
"2026-07-02","hmap","0xf923E6368C5B10798778AB8352ad472ccE18A706","1","externa_no_clasificada","False","2026-07-02_hmap.xlsx"
"2026-07-02","hmap","0xE7090F0bFE21082d199629d4872F73275c222Bd0","1","externa_no_clasificada","False","2026-07-02_hmap.xlsx"
"2026-07-02","hmap","0xAefeB7e3FA8B9a4c2ecb25149626Cb9F2c2dabda","1","externa_no_clasificada","False","2026-07-02_hmap.xlsx"
"2026-07-02","hmap","0x3455C4963Dd920eF19149d8E93fE6e190258aAcD","1","externa_no_clasificada","False","2026-07-02_hmap.xlsx"
"2026-07-02","hmap","0x35029a686Cf323004f19A5975C8946503A2AD6eF","1","externa_no_clasificada","False","2026-07-02_hmap.xlsx"
"2026-07-02","hmap","0x1C658e907fabD66aA4eaEF19b131c2D76177Cc88","1","externa_no_clasificada","False","2026-07-02_hmap.xlsx"
"2026-07-02","hmap","0xC12Af83Ec9b20328f15E1edC59f9cCE9C5d44e8B","1","externa_no_clasificada","False","2026-07-02_hmap.xlsx"
"2026-07-02","hmap","0xFFDcC67aCb452d664dD0eCf7850F8C755Ba6970a","1","externa_no_clasificada","False","2026-07-02_hmap.xlsx"
"2026-07-02","hmap","0xA2b23640CF58bE42B527e28e80A31fe34570720c","1","externa_no_clasificada","False","2026-07-02_hmap.xlsx"
"2026-07-02","hmap","0x2D1aba68607fab2af8b417e0b50765afB119742A","1","externa_no_clasificada","False","2026-07-02_hmap.xlsx"
"2026-07-02","hmap","0xF5bef9B43A7822EfAEfCEEc26A29f1726FF5ee27","1","externa_no_clasificada","False","2026-07-02_hmap.xlsx"
"2026-07-02","hmap","0xD838BB555C5CB2081e7750a06805c376De195C42","1","externa_no_clasificada","False","2026-07-02_hmap.xlsx"
"2026-07-02","hmap","0xD7cDe688FA80591ca549B7aD2C7ca28A16CB0D08","1","externa_no_clasificada","False","2026-07-02_hmap.xlsx"
"2026-07-02","hmap","0x9c13648E96F5Ee058f574eb997728dF8CC0845A7","1","externa_no_clasificada","False","2026-07-02_hmap.xlsx"
"2026-07-02","hmap","0x537C7CAcb41d3E5954DFDc88c3164c4Ea401fcED","1","externa_no_clasificada","False","2026-07-02_hmap.xlsx"
"2026-07-02","hmap","0xaa1c131F5ffDf78637bb25237935a2a71f513a1e","1","externa_no_clasificada","False","2026-07-02_hmap.xlsx"
"2026-07-02","hmap","0x3Bc3B20b44D933dA05a29c1e57a67870E70a5F9B","1","externa_no_clasificada","False","2026-07-02_hmap.xlsx"
"2026-07-02","hmap","0x0A8d2b1442E4ce7B70AA5409C655d66686425c80","1","externa_no_clasificada","False","2026-07-02_hmap.xlsx"
"2026-07-02","hmap","0xBf7D0d5D63e6E1C06F526210A7eCd76D01C19E9d","1","externa_no_clasificada","False","2026-07-02_hmap.xlsx"
"2026-07-02","hmap","0x95ECAc69583E6a2d9Bc47916A77a9808eb290A03","1","externa_no_clasificada","False","2026-07-02_hmap.xlsx"
"2026-07-02","hmap","0x374c86B27273f742F474f7824C849f926174E261","1","externa_no_clasificada","False","2026-07-02_hmap.xlsx"
"2026-07-02","hmap","0x6d99ff5c55F9df000AA7c20a8F195A911b5dc617","1","externa_no_clasificada","False","2026-07-02_hmap.xlsx"
"2026-07-02","hmap","0x341fb67Baf71C120Bab519f75851f4FD5c391a52","1","externa_no_clasificada","False","2026-07-02_hmap.xlsx"
"2026-07-02","hmap","0x0Ae2809f080b38f95666f8d9474c2E7DE19125d3","1","externa_no_clasificada","False","2026-07-02_hmap.xlsx"
"2026-07-02","hmap","0xF940c0B3A8415Ece567CF0ec18765f99FDd3fE34","1","externa_no_clasificada","False","2026-07-02_hmap.xlsx"
"2026-07-02","hmap","0x74aC1F9053ec43A2A62Ef185f108D449347D9207","1","externa_no_clasificada","False","2026-07-02_hmap.xlsx"
"2026-07-02","hmap","0x5296CF2EDC8afB408D25de4572bd777231C4c6f1","1","externa_no_clasificada","False","2026-07-02_hmap.xlsx"
"2026-07-02","hmap","0x3619D4F6D435a39da1148DAffe360dFF6c4219A6","1","externa_no_clasificada","False","2026-07-02_hmap.xlsx"
"2026-07-02","hmap","0x272e1f520Bc5b747C6b9165D68a8E277b0b32e48","1","externa_no_clasificada","False","2026-07-02_hmap.xlsx"
"2026-07-02","hmap","0x1650843A543fe7D81634CDaDB40367EC2Dd18334","1","externa_no_clasificada","False","2026-07-02_hmap.xlsx"
"2026-07-02","hmap","0xd27b65fFB19eB232a8fA04568225b3686bcFC649","1","externa_no_clasificada","False","2026-07-02_hmap.xlsx"
"2026-07-02","hmap","0xD74Ff92577f33Fa020A27D465dC7288dbb6AB121","1","externa_no_clasificada","False","2026-07-02_hmap.xlsx"
"2026-07-02","hmap","0xdb37b1c6aeA3cC68372D0977a31501b7b07F044D","1","externa_no_clasificada","False","2026-07-02_hmap.xlsx"
"2026-07-02","hmap","0xff55458957B43B357dF83A5b0064aA3688798333","1","externa_no_clasificada","False","2026-07-02_hmap.xlsx"
"2026-07-02","hmap","0xd87e1e2e14EB1A8CeA88211cf3068b5285d41b79","1","externa_no_clasificada","False","2026-07-02_hmap.xlsx"
"2026-07-02","hmap","0x5B4fD0270f7D3340076fAD23E4AC53E789d09CE6","1","externa_no_clasificada","False","2026-07-02_hmap.xlsx"
"2026-07-02","hmap","0x8B623dD6782c07d9C06dc804e1a4a785851f3241","1","externa_no_clasificada","False","2026-07-02_hmap.xlsx"
"2026-07-02","hmap","0xE6E0F56BB2D551595f48652213E3CdcCAC743f99","1","externa_no_clasificada","False","2026-07-02_hmap.xlsx"
"2026-07-02","hmap","0xf9cEC0E66e812e6E38c3cFC5c627E7d4ab2445E1","1","externa_no_clasificada","False","2026-07-02_hmap.xlsx"
"2026-07-02","hmap","0x8E4bd6c9aa5fD24b875593823f529E032a6bc4A7","1","externa_no_clasificada","False","2026-07-02_hmap.xlsx"
"2026-07-02","hmap","0xC81Fd523F98386CdB22770fDAFc00d44354b7897","1","externa_no_clasificada","False","2026-07-02_hmap.xlsx"
"2026-07-02","hmap","0x08373773BD35211E330f717Dd39Ab1358424a5Fd","1","externa_no_clasificada","False","2026-07-02_hmap.xlsx"
"2026-07-02","hmap","0x0C7B3AE0253d7156d5516aDEB3dE5928eF4b278C","1","externa_no_clasificada","False","2026-07-02_hmap.xlsx"
"2026-07-02","hmap","0xBFF323CD5Dfd7360F746cf424A216cB2E851e07C","1","externa_no_clasificada","False","2026-07-02_hmap.xlsx"
"2026-07-02","hmap","0xfC57F277e50BffBfecdf2Fe98d06B5D2456D6F65","1","externa_no_clasificada","False","2026-07-02_hmap.xlsx"
"2026-07-02","hmap","0xC71502aBeB948e19F523AD79ca031689Abc3681E","1","externa_no_clasificada","False","2026-07-02_hmap.xlsx"
"2026-07-02","hmap","0x3bae79dC34b829C1cE325fd87A4f9572912741AA","1","externa_no_clasificada","False","2026-07-02_hmap.xlsx"
"2026-07-02","hmap","0x15e7Fb8632cFEA1210864565A0E00289C058E99A","1","externa_no_clasificada","False","2026-07-02_hmap.xlsx"
"2026-07-02","hmap","0x0244Db574eb2d0E5641a8fafB18745f196004bb7","1","externa_no_clasificada","False","2026-07-02_hmap.xlsx"
"2026-07-02","hmap","0xC338996f711FD4087A9421F626155D76c0536A9E","1","externa_no_clasificada","False","2026-07-02_hmap.xlsx"
"2026-07-02","hmap","0xb7E7Eb65267Eac7Af59A4F4B1d21d46a1fB2e3bc","1","externa_no_clasificada","False","2026-07-02_hmap.xlsx"
"2026-07-02","hmap","0xf747e3d97DB364E7bF6D35Ee04022d2eF6912A55","1","externa_no_clasificada","False","2026-07-02_hmap.xlsx"
"2026-07-02","hmap","0x0dBb378F698F151Ae388cb0C16DaEF39632Ae9F7","1","externa_no_clasificada","False","2026-07-02_hmap.xlsx"
"2026-07-02","hmap","0x042E2bF4c80F216B71cA13604cDdCBA13D69f684","1","externa_no_clasificada","False","2026-07-02_hmap.xlsx"
"2026-07-02","hmap","0x9a14aD140C689a42F81741cc5a32A580e60Fb6c2","1","externa_no_clasificada","False","2026-07-02_hmap.xlsx"
"2026-07-02","hmap","0x0827eF836eDd742a57B8b63f62E6dfd78b4aE8E3","1","externa_no_clasificada","False","2026-07-02_hmap.xlsx"
"2026-07-02","hmap","0x1a5C0CBe55e38aB7Ed9aB39Fac8bD54B902DD82c","1","externa_no_clasificada","False","2026-07-02_hmap.xlsx"
"2026-07-02","hmap","0x338703AC84fa56F42f8fE46cF7E30b60A338D45D","1","externa_no_clasificada","False","2026-07-02_hmap.xlsx"
"2026-07-02","hmap","0x6223Bf44a5a0740117ed9d247486df159b4c473c","1","externa_no_clasificada","False","2026-07-02_hmap.xlsx"
"2026-07-02","hmap","0x6b288bDb4d90Eef95E691d03DFFf765841F961De","1","externa_no_clasificada","False","2026-07-02_hmap.xlsx"
"2026-07-02","hmap","0xc867b984E6A5949Af991aF01Ae96FBaDae36F8Bc","1","externa_no_clasificada","False","2026-07-02_hmap.xlsx"
"2026-07-02","hmap","0x963F24A32efc9CEd143100Ff9311bAe2F8fF1677","1","externa_no_clasificada","False","2026-07-02_hmap.xlsx"
"2026-07-02","hmap","0x78585b1AbF48AAf3Afef0Bcd13b21B34b1234D18","1","externa_no_clasificada","False","2026-07-02_hmap.xlsx"
"2026-07-02","hmap","0x1dbc3C2AFe3D6dFDC86A7e20A9Fd6e7ecEF058bE","1","externa_no_clasificada","False","2026-07-02_hmap.xlsx"
"2026-07-02","hmap","0x595410A35458C5FcfF7279C0840EA47B8ea7bA47","1","externa_no_clasificada","False","2026-07-02_hmap.xlsx"
"2026-07-02","hmap","0x7193C07F3E2A0659F6Dd0DF3Aaf1cdC78c4b73Ba","1","externa_no_clasificada","False","2026-07-02_hmap.xlsx"
"2026-07-02","hmap","0x4Ff746212EF8AbBAef4c3f359d4636bd22febDe8","1","externa_no_clasificada","False","2026-07-02_hmap.xlsx"
"2026-07-02","hmap","0x9D076ED17Ec12A2fA244dfFae4a44E6c674e1359","1","externa_no_clasificada","False","2026-07-02_hmap.xlsx"
"2026-07-02","hmap","0xDD35ab0A43da7E16244c55780fb1397443855e50","1","externa_no_clasificada","False","2026-07-02_hmap.xlsx"
"2026-07-02","hmap","0x83811f953aA95f7816Ffe1D45223A94468859D8B","1","externa_no_clasificada","False","2026-07-02_hmap.xlsx"
"2026-07-02","hmap","0x2866bFF2Dede999224d44e4c601916CdC5F95FD1","1","externa_no_clasificada","False","2026-07-02_hmap.xlsx"
"2026-07-02","hmap","0xE08926D3B5B26102432f30AfB26B7Bb3e6D6F778","1","externa_no_clasificada","False","2026-07-02_hmap.xlsx"
"2026-07-02","hmap","0xD7d19d94929087056be3BF5b8308133eB0E57Bd7","1","externa_no_clasificada","False","2026-07-02_hmap.xlsx"
"2026-07-02","hmap","0x8d990C69BDE1dE569920c8B46510706608348dCe","1","externa_no_clasificada","False","2026-07-02_hmap.xlsx"
"2026-07-02","hmap","0x1A8778E499E95123449a88b67F2f5cd876688968","1","externa_no_clasificada","False","2026-07-02_hmap.xlsx"
"2026-07-02","hmap","0x27717B74c3b159E7763E773B86eE34a1B330911C","1","externa_no_clasificada","False","2026-07-02_hmap.xlsx"
"2026-07-02","hmap","0xC5d75c1a5AeE75AFe3E658b8f67D3204Acda5Ecc","1","externa_no_clasificada","False","2026-07-02_hmap.xlsx"
"2026-07-02","hmap","0x7F74B57B848A6d9C7CF6097dfA2f7795B92357E1","1","externa_no_clasificada","False","2026-07-02_hmap.xlsx"
"2026-07-02","hmap","0xe0fA4a9cd82C2662017463Cc3a8890890F509D7d","1","externa_no_clasificada","False","2026-07-02_hmap.xlsx"
"2026-07-02","hmap","0xB115C63A2F42270f96Ff1BBAF2f3674a7A2Ef196","1","externa_no_clasificada","False","2026-07-02_hmap.xlsx"
"2026-07-02","hmap","0x5557855e64F0e730585975fe642D2B52C28427c5","1","externa_no_clasificada","False","2026-07-02_hmap.xlsx"
"2026-07-02","hmap","0x4b377271Ca18b3fb9B2F3Da404230beb25c3858a","1","externa_no_clasificada","False","2026-07-02_hmap.xlsx"
"2026-07-02","hmap","0x9002739B3393da868899893944A57EEbd38B3099","1","externa_no_clasificada","False","2026-07-02_hmap.xlsx"
"2026-07-02","hmap","0x914931be2506F4EE23A9b94A46c384D9dd4f8bb8","1","externa_no_clasificada","False","2026-07-02_hmap.xlsx"
"2026-07-02","hmap","0xA4222Ca53094B8146738c9c97E27B30C4eB47e70","1","externa_no_clasificada","False","2026-07-02_hmap.xlsx"
"2026-07-02","hmap","0xD673cDb002bbc0365a285f6112f31303524DAFF3","1","externa_no_clasificada","False","2026-07-02_hmap.xlsx"
"2026-07-02","hmap","0x834023006B3092FB980eC5A2F937810fCA2EC645","1","externa_no_clasificada","False","2026-07-02_hmap.xlsx"
"2026-07-02","hmap","0x1bd04659683DBAD5d05dAcc54A093804c558e2E3","1","externa_no_clasificada","False","2026-07-02_hmap.xlsx"
"2026-07-02","hmap","0x33c3242E73cf1B5bb476BcAe75e3BbfFDD2f6cDd","1","externa_no_clasificada","False","2026-07-02_hmap.xlsx"
"2026-07-02","hmap","0x7afF3ca3008DdC6C2367949E45DAaA668cd86A10","1","externa_no_clasificada","False","2026-07-02_hmap.xlsx"
"2026-07-02","hmap","0xB30be3fee06cdFC8B8C8753B82e1897658806e6a","1","externa_no_clasificada","False","2026-07-02_hmap.xlsx"
"2026-07-02","hmap","0xCf8843712aE538Ac3F75e3792085fD2703991685","1","externa_no_clasificada","False","2026-07-02_hmap.xlsx"
"2026-07-02","hmap","0x14669503069755990c5CdC6bc5e5c6E1b98c673D","1","externa_no_clasificada","False","2026-07-02_hmap.xlsx"
"2026-07-02","hmap","0x04Db9E273E5Bb3CA4Fd841733Fa3ea67560D9637","1","externa_no_clasificada","False","2026-07-02_hmap.xlsx"
"2026-07-02","hmap","0x98Db25087eFB7e5533D11B3A80f64BCD7f00DD39","1","externa_no_clasificada","False","2026-07-02_hmap.xlsx"
"2026-07-02","hmap","0xce119FA8c1113bfD004e9bb59566E664FE3DD6a0","1","externa_no_clasificada","False","2026-07-02_hmap.xlsx"
"2026-07-02","hmap","0x5b06DD2c026d886Ef576172fAA04f5D76bcd1Ca6","1","externa_no_clasificada","False","2026-07-02_hmap.xlsx"
"2026-07-02","hmap","0x2e96Da1AbF70c5B8C84b27d3d3Db05081fE4d428","1","externa_no_clasificada","False","2026-07-02_hmap.xlsx"
"2026-07-02","hmap","0xD9Ef1eD5a88eBC22867382F06aaAd3949c46b632","1","externa_no_clasificada","False","2026-07-02_hmap.xlsx"
"2026-07-02","hmap","0xCBA7783ca6703Ec2FD93B2263Cd9c29025204445","1","externa_no_clasificada","False","2026-07-02_hmap.xlsx"
"2026-07-02","hmap","0x6A2646ed1233753bED62eA667345ea74c01f270f","1","externa_no_clasificada","False","2026-07-02_hmap.xlsx"
"2026-07-02","hmap","0xD99440a681d0E995203a8A7FE6faFBc10665283b","1","externa_no_clasificada","False","2026-07-02_hmap.xlsx"
"2026-07-02","hmap","0xfE23b90a3e80F399E17bF38355e8549c264f37f9","1","externa_no_clasificada","False","2026-07-02_hmap.xlsx"
"2026-07-02","hmap","0x9a5615c237c90Ac1E40D91cD04e5991F269C8907","1","externa_no_clasificada","False","2026-07-02_hmap.xlsx"
"2026-07-02","hmap","0xF2FEAD9F8e0eFADFaDf2eBC6DB5ebA6221d7bE5d","1","externa_no_clasificada","False","2026-07-02_hmap.xlsx"
"2026-07-02","hmap","0x420972b8ad38d073b0fB47305c3da89FCfB8a240","1","externa_no_clasificada","False","2026-07-02_hmap.xlsx"
"2026-07-02","hmap","0xC08bFB5BBa1Fba982b9F0F371c667531411246A8","1","externa_no_clasificada","False","2026-07-02_hmap.xlsx"
"2026-07-02","hmap","0x5C907C71697FB23C79EbFB6Aa2e1dE95494F0EbE","1","externa_no_clasificada","False","2026-07-02_hmap.xlsx"
"2026-07-02","hmap","0x187b126412eFD08223A2D9454395058E6a63FB61","1","externa_no_clasificada","False","2026-07-02_hmap.xlsx"
"2026-07-02","hmap","0x67130643ba4369F1b4e849e918617886D12C1350","1","externa_no_clasificada","False","2026-07-02_hmap.xlsx"
"2026-07-02","hmap","0x88CA4b3c2995D9B93c2E87c598D680b972aF6Da5","1","externa_no_clasificada","False","2026-07-02_hmap.xlsx"
"2026-07-02","hmap","0x14aF820117fC36B2F7015885445f0dc593f21E7C","1","externa_no_clasificada","False","2026-07-02_hmap.xlsx"
"2026-07-02","hmap","0x32644C556B5e23417327D0C780d5B952DFB7CcDF","1","externa_no_clasificada","False","2026-07-02_hmap.xlsx"
"2026-07-02","hmap","0xfAf3f85996e10123b008499a513D6f0Aa9D6e0E1","1","externa_no_clasificada","False","2026-07-02_hmap.xlsx"
"2026-07-02","hmap","0x1e77061e1c55933c56fD7731622a50a1779731ba","1","externa_no_clasificada","False","2026-07-02_hmap.xlsx"
"2026-07-02","hmap","0x48Fc05F4CD31069f5FA35b3790aac52E61Ce0ef4","1","externa_no_clasificada","False","2026-07-02_hmap.xlsx"
"2026-07-02","hmap","0xA383B1A1628D566f289D563aD8E5b99524e55235","1","externa_no_clasificada","False","2026-07-02_hmap.xlsx"
"2026-07-02","hmap","0x4557Af40c58A2cc383A743582a6e4Fac9e390BCf","1","externa_no_clasificada","False","2026-07-02_hmap.xlsx"
"2026-07-02","hmap","0xaa03d9C125EE5144668a6e57Ffc08A9a02455411","1","externa_no_clasificada","False","2026-07-02_hmap.xlsx"
"2026-07-02","hmap","0x7DBF50955560d1d9a1093c47e69AF17D44010851","1","externa_no_clasificada","False","2026-07-02_hmap.xlsx"
"2026-07-02","hmap","0x2682234d400D576b7b058d1EBBB80Db33B1f7351","1","externa_no_clasificada","False","2026-07-02_hmap.xlsx"
"2026-07-02","hmap","0x3e3bFD83fe71B141f7CBC58001c806cd65a48063","1","externa_no_clasificada","False","2026-07-02_hmap.xlsx"
"2026-07-02","hmap","0xEf487af9d9F22AaabE7BacCF342fAB53e7f7E028","1","externa_no_clasificada","False","2026-07-02_hmap.xlsx"
"2026-07-02","hmap","0x08cA2F119374D4d9f927a6698E73cd74B264c454","1","externa_no_clasificada","False","2026-07-02_hmap.xlsx"
"2026-07-02","hmap","0x2DB6051CDe6Ed5Dc1cB460f9dF636d11ffd07B3b","1","externa_no_clasificada","False","2026-07-02_hmap.xlsx"
"2026-07-02","hmap","0x381303A181cba6C4Cd9866128D9C40AD3A05909D","1","externa_no_clasificada","False","2026-07-02_hmap.xlsx"
"2026-07-02","hmap","0xDfCDb776f2Fe88409fd5c3a84a81Bd27A8049a4D","1","externa_no_clasificada","False","2026-07-02_hmap.xlsx"
"2026-07-02","hmap","0x929d9CFcDcDFe3f05E43242aCf9160D8f1E2972A","1","externa_no_clasificada","False","2026-07-02_hmap.xlsx"
"2026-07-02","hmap","0xCE3f9843c6B4e70A1B7cd644c7627580762b46CF","1","externa_no_clasificada","False","2026-07-02_hmap.xlsx"
"2026-07-02","hmap","0x904cD1D1bf5366C4d27d658e9E1dB4d5540017b1","1","externa_no_clasificada","False","2026-07-02_hmap.xlsx"
"2026-07-02","hmap","0x0321b202379E5fD592F69b65174CfDaeC5789CeB","1","externa_no_clasificada","False","2026-07-02_hmap.xlsx"
"2026-07-02","hmap","0x7040730Df6d76166e39E7e6bff2f65216926a85f","1","externa_no_clasificada","False","2026-07-02_hmap.xlsx"
"2026-07-02","hmap","0x0DE6834C34844930CF3B24E608e64F573E8951d3","1","externa_no_clasificada","False","2026-07-02_hmap.xlsx"
"2026-07-02","hmap","0x55EF28E56DD7b107561BC2Ed6c5CEc9BcA838556","1","externa_no_clasificada","False","2026-07-02_hmap.xlsx"
"2026-07-02","hmap","0x855F14c2Ea10DEBdf0b99093731cbC1bD75FCE81","1","externa_no_clasificada","False","2026-07-02_hmap.xlsx"
"2026-07-02","hmap","0xD2Ab6A5B9Ec5fc108a592fAbd410e6dE0354D84e","1","externa_no_clasificada","False","2026-07-02_hmap.xlsx"
"2026-07-02","hmap","0x2dF57dD9731b5a3d0ed50c5A6b0c4c9859ef931D","1","externa_no_clasificada","False","2026-07-02_hmap.xlsx"
"2026-07-02","hmap","0x92bC4CD9288b25CE5C2D1dc0C27152fb0696F641","1","externa_no_clasificada","False","2026-07-02_hmap.xlsx"
"2026-07-02","hmap","0x91CB4DbA6119e8ED9983E37be6bc6D66e1C13358","1","externa_no_clasificada","False","2026-07-02_hmap.xlsx"
"2026-07-02","hmap","0xaD146Bd6Ccb2C990C1626a618931b5D32145e065","1","externa_no_clasificada","False","2026-07-02_hmap.xlsx"
"2026-07-02","hmap","0x9A5cEba55B4b930b6E9104a27b345E7F8BFd0620","1","externa_no_clasificada","False","2026-07-02_hmap.xlsx"
"2026-07-02","hmap","0xD8fad5b8B20dB599aB560A8749E1f54cF29a3589","1","externa_no_clasificada","False","2026-07-02_hmap.xlsx"
"2026-07-02","hmap","0x046890Aa989DabA1c781D3F043fc0cF4F5042958","1","externa_no_clasificada","False","2026-07-02_hmap.xlsx"
"2026-07-02","hmap","0x441C72FC826607a8f3c2F66B0390D86E5b25cAC8","1","externa_no_clasificada","False","2026-07-02_hmap.xlsx"
"2026-07-02","hmap","0x03DC4bf9883dfCcb2cBA024C92c25A5a9171bDd5","1","externa_no_clasificada","False","2026-07-02_hmap.xlsx"
"2026-07-02","hmap","0x9Ca98e60d18C7706828a04Bba7d6b7B80f2936Ac","1","externa_no_clasificada","False","2026-07-02_hmap.xlsx"
"2026-07-02","hmap","0x21569329A863d83A4C298935b0efb6C96d29999b","1","externa_no_clasificada","False","2026-07-02_hmap.xlsx"
"2026-07-02","hmap","0xfBbf58473F1639b081086e6188D02bf980e7BD83","1","externa_no_clasificada","False","2026-07-02_hmap.xlsx"
"2026-07-02","hmap","0x1B956Fe1Dda4DB7B010F9879FdFbbD064b2d66e1","1","externa_no_clasificada","False","2026-07-02_hmap.xlsx"
"2026-07-02","hmap","0x82a1c89879Eb9DfDa146734989B4e6bD739eF389","1","externa_no_clasificada","False","2026-07-02_hmap.xlsx"
"2026-07-02","hmap","0x7b997Fc077aaB945A3d7e9E93b33ACc527f31966","1","externa_no_clasificada","False","2026-07-02_hmap.xlsx"
"2026-07-02","hmap","0x401D1f584A39F67fadc81202781DcAeaD0d299E1","1","externa_no_clasificada","False","2026-07-02_hmap.xlsx"
"2026-07-02","hmap","0x629ba1B62AB942c8E50FC8AaDB2F27867199268D","1","externa_no_clasificada","False","2026-07-02_hmap.xlsx"
"2026-07-02","hmap","0x8d35e4Fe93F94Bf264669d473815c0a99b05F484","1","externa_no_clasificada","False","2026-07-02_hmap.xlsx"
"2026-07-02","hmap","0x386DbBfb8bC1484c374C003fdaf9b0D8043a01E5","1","externa_no_clasificada","False","2026-07-02_hmap.xlsx"
"2026-07-02","hmap","0xEd26f163BB195c1C0E47fBBBf07EfafED7Cd7d71","1","externa_no_clasificada","False","2026-07-02_hmap.xlsx"
"2026-07-02","hmap","0x8B375db143816942A3D418d73b14bfc4dF2F54E4","1","externa_no_clasificada","False","2026-07-02_hmap.xlsx"
"2026-07-02","hmap","0x58172E422D8818Cde3745ebE5562CF7eeeE37171","1","externa_no_clasificada","False","2026-07-02_hmap.xlsx"
"2026-07-02","hmap","0x5b902f2Ae4BDF9F7735eB4B0C7E76d4572ee4A23","1","externa_no_clasificada","False","2026-07-02_hmap.xlsx"
"2026-07-02","hmap","0x0Ace663Bf47aD20d90b56a35BdF229adb4DbA551","1","externa_no_clasificada","False","2026-07-02_hmap.xlsx"
"2026-07-02","hmap","0xe45F64f231B8E800a4b6e6a8D8903bFfC9B1BbE2","1","externa_no_clasificada","False","2026-07-02_hmap.xlsx"
"2026-07-02","hmap","0x83a58a6F5BD71C757163C5b58041fCc23e1eF334","1","externa_no_clasificada","False","2026-07-02_hmap.xlsx"
"2026-07-02","hmap","0x382980D88EA5dd4B1b55b76ae1faA1618A0A6430","1","externa_no_clasificada","False","2026-07-02_hmap.xlsx"
"2026-07-02","hmap","0x8894ac5434BDbE20A16ADec0B807E83a37605edc","1","externa_no_clasificada","False","2026-07-02_hmap.xlsx"
"2026-07-02","hmap","0x595f8A0e2f7C212734580dF1aEff4D96c73a36Ba","1","externa_no_clasificada","False","2026-07-02_hmap.xlsx"
"2026-07-02","hmap","0x62AE3F0DbB33b32ef3C8E0D4d0d3267a9DCF1A85","1","externa_no_clasificada","False","2026-07-02_hmap.xlsx"
"2026-07-02","hmap","0xdBe9fe877400a0E8ba97fF8dAed4ade09cF2393F","1","externa_no_clasificada","False","2026-07-02_hmap.xlsx"
"2026-07-02","hmap","0x44DCD3e319701175De2fe44F28903E8A5742E797","1","externa_no_clasificada","False","2026-07-02_hmap.xlsx"
"2026-07-02","hmap","0xAd053c188a28C87f72186d6A9a052774c21412e1","1","externa_no_clasificada","False","2026-07-02_hmap.xlsx"
"2026-07-02","hmap","0xdEBbBCa5e7941E35636CE471c7EcBE76da44cD53","1","externa_no_clasificada","False","2026-07-02_hmap.xlsx"
"2026-07-02","hmap","0x97d1748bb8F03fA5A013E6Af1fDCfbbac2f368A5","1","externa_no_clasificada","False","2026-07-02_hmap.xlsx"
"2026-07-02","hmap","0x8FF30b0fad6a1288275EC17B228F2038D7f805c1","1","externa_no_clasificada","False","2026-07-02_hmap.xlsx"
"2026-07-02","hmap","0x9ef535390825B613d2E2772552Ccb7d9f13B6d4C","1","externa_no_clasificada","False","2026-07-02_hmap.xlsx"
"2026-07-02","hmap","0xBe816a400489f72a17578e25993B6486f08ECAdc","1","externa_no_clasificada","False","2026-07-02_hmap.xlsx"
"2026-07-02","hmap","0x66AfCd82727a7BE78ea294d52E7Fcaa6eca62975","1","externa_no_clasificada","False","2026-07-02_hmap.xlsx"
"2026-07-02","hmap","0xE279e128B4a577bAbB34e1E8479fCf2Ca2Cc4C4A","1","externa_no_clasificada","False","2026-07-02_hmap.xlsx"
"2026-07-02","hmap","0x5108B7088B73a3Ea40708F9E2a6f4D9E40597D7e","1","externa_no_clasificada","False","2026-07-02_hmap.xlsx"
"2026-07-02","hmap","0xCe6255EcA8e75Be6E94D8969CB65A38f5f8Cdec9","1","externa_no_clasificada","False","2026-07-02_hmap.xlsx"
"2026-07-02","hmap","0xC6e1Ae9261273247a49dBd48823E5dC33Ab53AAf","1","externa_no_clasificada","False","2026-07-02_hmap.xlsx"
"2026-07-02","hmap","0x5e2F13Bd4a1D244b660Bb3D1AA7A535F99269F2c","1","externa_no_clasificada","False","2026-07-02_hmap.xlsx"
"2026-07-02","hmap","0x55af37BB860ebD41FD15a834e75144223d412886","1","externa_no_clasificada","False","2026-07-02_hmap.xlsx"
"2026-07-02","hmap","0xc8A5786fc5A0F94d49761eb6584C965385371Da1","1","externa_no_clasificada","False","2026-07-02_hmap.xlsx"
"2026-07-02","hmap","0x88A1EcAA6C0142BCd762115B61701C193aa8Dee3","1","externa_no_clasificada","False","2026-07-02_hmap.xlsx"
"2026-07-02","hmap","0x99fB186F282106DC625C82DdAd3637f8Aa70893E","1","externa_no_clasificada","False","2026-07-02_hmap.xlsx"
"2026-07-02","hmap","0x658583780F3360C9Bf538a430e0006cc04a56bFa","1","externa_no_clasificada","False","2026-07-02_hmap.xlsx"
"2026-07-02","hmap","0x3fc4a66AF245b3407b80fAfD084b08b61cD3cFC4","1","externa_no_clasificada","False","2026-07-02_hmap.xlsx"
"2026-07-02","hmap","0x8948eF065d03825A3aF7726f9d6115D3A06f5BE0","1","externa_no_clasificada","False","2026-07-02_hmap.xlsx"
"2026-07-02","hmap","0x725eDe135902d5A23D6626E4463eDC5EeC2D09fF","1","externa_no_clasificada","False","2026-07-02_hmap.xlsx"
"2026-07-02","hmap","0xaa9A070d20bd594607A432Fd441E6c6DFa9D6a9d","1","externa_no_clasificada","False","2026-07-02_hmap.xlsx"
"2026-07-02","hmap","0x8fB5C52f59227767c2D17A0936826FB884A60f05","1","externa_no_clasificada","False","2026-07-02_hmap.xlsx"
"2026-07-02","hmap","0x42bd133C3A1Dabe669237535e7624fA758f7fA21","1","externa_no_clasificada","False","2026-07-02_hmap.xlsx"
"2026-07-02","hmap","0x63d3b12B0439784AEb57EF8EA8Be4B47086464F6","1","externa_no_clasificada","False","2026-07-02_hmap.xlsx"
"2026-07-02","hmap","0x09Fdb9dd4c327907cDEfED02fC99310eeCc1cfB6","1","externa_no_clasificada","False","2026-07-02_hmap.xlsx"
"2026-07-02","hmap","0x15B395133E973B90dfEdB4690ea24deC5f0e380F","1","externa_no_clasificada","False","2026-07-02_hmap.xlsx"
"2026-07-02","hmap","0xeE8D2a040DCe3724a3AaF979644beB09ab611Fd8","1","externa_no_clasificada","False","2026-07-02_hmap.xlsx"
"2026-07-02","hmap","0x0F68A075790288fE472ddEA12B9CEC0A4dc0ED5a","1","externa_no_clasificada","False","2026-07-02_hmap.xlsx"
"2026-07-02","hmap","0xF3D2DEe6541284E71c8e32DCc847734650A0Ff14","1","externa_no_clasificada","False","2026-07-02_hmap.xlsx"
"2026-07-02","hmap","0xE2245941F3890c2e622Cd99f9A5Df5DBEb45f956","1","externa_no_clasificada","False","2026-07-02_hmap.xlsx"
"2026-07-02","hmap","0x4b013B4610b25F3aAAC15f99B8f751Bc044C6d73","0,98472","externa_no_clasificada","False","2026-07-02_hmap.xlsx"
"2026-07-02","hmap","0x23eCFc601F19066ef0E0FeA9Af4CE1749C565db3","0,9792","externa_no_clasificada","False","2026-07-02_hmap.xlsx"
"2026-07-02","hmap","0xC48f5A30F9bAA0EE35736313FD370Fa8644719F5","0,945","externa_no_clasificada","False","2026-07-02_hmap.xlsx"
"2026-07-02","hmap","0x5d26F67954C495C8c1fF517e27dD532Fa86577BD","0,93044","externa_no_clasificada","False","2026-07-02_hmap.xlsx"
"2026-07-02","hmap","0x9B8B90DCb24DbF0877B43Afd1de1a11344AACf23","0,9","externa_no_clasificada","False","2026-07-02_hmap.xlsx"
"2026-07-02","hmap","0x711DBf601533784a2aBE8E5caE9C4Be232dafd65","0,89643","externa_no_clasificada","False","2026-07-02_hmap.xlsx"
"2026-07-02","hmap","0x5d90E22A1BEA54bba4eB10b9c3A5ec2Df6A83C05","0,8578","externa_no_clasificada","False","2026-07-02_hmap.xlsx"
"2026-07-02","hmap","0x704Fcc81AfE794638b26cC895750912b033457B3","0,8544","externa_no_clasificada","False","2026-07-02_hmap.xlsx"
"2026-07-02","hmap","0x32A246517b2AcB9d445EAab8Ac8d914eC58cdE13","0,84184","externa_no_clasificada","False","2026-07-02_hmap.xlsx"
"2026-07-02","hmap","0x6A91F07eE7429ee99A28c364af6056e7B7cB6A5B","0,8331","externa_no_clasificada","False","2026-07-02_hmap.xlsx"
"2026-07-02","hmap","0x2c86e61469ee8C97817c8B6C04F84C16244d6C27","0,82366","externa_no_clasificada","False","2026-07-02_hmap.xlsx"
"2026-07-02","hmap","0x5837997ca53E770858EA644D01146FA586CB8938","0,81574","externa_no_clasificada","False","2026-07-02_hmap.xlsx"
"2026-07-02","hmap","0xefAe674cd73F876f5488634E602d6C2402c64Cb1","0,8","externa_no_clasificada","False","2026-07-02_hmap.xlsx"
"2026-07-02","hmap","0xa73C1AEc374FC0a6BD8586256D061fBBd9c6b626","0,8","externa_no_clasificada","False","2026-07-02_hmap.xlsx"
"2026-07-02","hmap","0x13426A00Fb97ce2FB3D0704Bf7Ff1Edf1268a26b","0,8","externa_no_clasificada","False","2026-07-02_hmap.xlsx"
"2026-07-02","hmap","0x7A8856367d33650498D2c98FeC06f6e6986567E5","0,8","externa_no_clasificada","False","2026-07-02_hmap.xlsx"
"2026-07-02","hmap","0x7A9e9b5A64E8db0B87BB57abC153A68eD71A3B95","0,8","externa_no_clasificada","False","2026-07-02_hmap.xlsx"
"2026-07-02","hmap","0x108Bf89C765c76676853973D51cd3F7C788BcE07","0,8","externa_no_clasificada","False","2026-07-02_hmap.xlsx"
"2026-07-02","hmap","0xed2320Bc8E42912fDe9F676100823d4CE03d01cb","0,8","externa_no_clasificada","False","2026-07-02_hmap.xlsx"
"2026-07-02","hmap","0x97facA51AD800341aa932809a8CF4907a05E6F98","0,8","externa_no_clasificada","False","2026-07-02_hmap.xlsx"
"2026-07-02","hmap","0xfebc6083c8542120279dEab71b4fc19a6eFFE5b4","0,775","externa_no_clasificada","False","2026-07-02_hmap.xlsx"
"2026-07-02","hmap","0x0BC773F9Ae7241cB6ff38e6B271233E43405754F","0,7621","externa_no_clasificada","False","2026-07-02_hmap.xlsx"
"2026-07-02","hmap","0xe109c1D475279585156CB7608A87e2f2D5B373a5","0,761","externa_no_clasificada","False","2026-07-02_hmap.xlsx"
"2026-07-02","hmap","0x4c1D21f55CCD55C899F2a123bAC9D327A957d783","0,72113795","externa_no_clasificada","False","2026-07-02_hmap.xlsx"
"2026-07-02","hmap","0x1e52d76fbbA031Bcf54E1e6CaE76e88350304dD7","0,71645","externa_no_clasificada","False","2026-07-02_hmap.xlsx"
"2026-07-02","hmap","0xE4cCbc5ab2e7a2748141b0C21049d25c36F7C5b9","0,70383","externa_no_clasificada","False","2026-07-02_hmap.xlsx"
"2026-07-02","hmap","0xF7355866dAab816233631bF3aFD9D289aE575adE","0,70359","externa_no_clasificada","False","2026-07-02_hmap.xlsx"
"2026-07-02","hmap","0x468E6Ab23a8A40A0dc4d710A3131c5E18965494F","0,7","externa_no_clasificada","False","2026-07-02_hmap.xlsx"
"2026-07-02","hmap","0x1A47fbCbfc737232d3C23F1E878885a53323Aae8","0,7","externa_no_clasificada","False","2026-07-02_hmap.xlsx"
"2026-07-02","hmap","0xC8e52b030D132568741682692615d491038ac34A","0,7","externa_no_clasificada","False","2026-07-02_hmap.xlsx"
"2026-07-02","hmap","0x320cb5ed293c22AdBB90a471A0709926984d6053","0,7","externa_no_clasificada","False","2026-07-02_hmap.xlsx"
"2026-07-02","hmap","0xF9fCaE27d4498e1689cD362Aa703F243f87BDf5d","0,7","externa_no_clasificada","False","2026-07-02_hmap.xlsx"
"2026-07-02","hmap","0x8f32aBC99cD517E51f0a5AFE58AAf498d495ff91","0,7","externa_no_clasificada","False","2026-07-02_hmap.xlsx"
"2026-07-02","hmap","0x0f384Ca693eA9A7eEb4f269651c5Aa7D5B402E82","0,7","externa_no_clasificada","False","2026-07-02_hmap.xlsx"
"2026-07-02","hmap","0x2086f15d90C0c79fa7f75b618f01f798F5a63F00","0,68537204","externa_no_clasificada","False","2026-07-02_hmap.xlsx"
"2026-07-02","hmap","0x8EE7d181AAa13cc105F29C6B9b8a43f472BE32f5","0,67209","externa_no_clasificada","False","2026-07-02_hmap.xlsx"
"2026-07-02","hmap","0x41515BF3AF1F5028f90f45C4cAb25eB3d5D760F9","0,65015","externa_no_clasificada","False","2026-07-02_hmap.xlsx"
"2026-07-02","hmap","0x2B9526e297081793BF9343C1Dc0D97eBA0112f06","0,64973","externa_no_clasificada","False","2026-07-02_hmap.xlsx"
"2026-07-02","hmap","0xA4193F1b9eb0f76f6ed1Eb5d3D962791803f5a8F","0,6474","externa_no_clasificada","False","2026-07-02_hmap.xlsx"
"2026-07-02","hmap","0x7D984dd638f37C4D140f20D27163CfF66cE0f51C","0,6294","externa_no_clasificada","False","2026-07-02_hmap.xlsx"
"2026-07-02","hmap","0x1A516607BB7504aDDdef7Cb107d3628Fe7732a14","0,6124","externa_no_clasificada","False","2026-07-02_hmap.xlsx"
"2026-07-02","hmap","0xFe261997BD3f0103b1aeA93B45043d65BaEa86c4","0,61","externa_no_clasificada","False","2026-07-02_hmap.xlsx"
"2026-07-02","hmap","0x41D25b0922487EA6E0C5E1c3Cc787F200b6214A0","0,6025","externa_no_clasificada","False","2026-07-02_hmap.xlsx"
"2026-07-02","hmap","0xE6403c47f2bc7eB535e0d5eB0319E2741315Bf21","0,6","externa_no_clasificada","False","2026-07-02_hmap.xlsx"
"2026-07-02","hmap","0xd6831a4513AA00609dAbEe1F794CD51e39020aDC","0,6","externa_no_clasificada","False","2026-07-02_hmap.xlsx"
"2026-07-02","hmap","0xc9e165b59CED6B4Ce5F3c133E051a36d2904db03","0,6","externa_no_clasificada","False","2026-07-02_hmap.xlsx"
"2026-07-02","hmap","0x72dFc5C34A1f593e0F60a1d058D0A07388A0Fb79","0,6","externa_no_clasificada","False","2026-07-02_hmap.xlsx"
"2026-07-02","hmap","0x40a8262c11692E324c94489Cb8697cCe6FF766a3","0,6","externa_no_clasificada","False","2026-07-02_hmap.xlsx"
"2026-07-02","hmap","0x125a372d7014D8a94c2B023ea1fC94C0eec82e6e","0,6","externa_no_clasificada","False","2026-07-02_hmap.xlsx"
"2026-07-02","hmap","0x2BE869b5ACDba842cdfcf1B48D59fd037A838445","0,6","externa_no_clasificada","False","2026-07-02_hmap.xlsx"
"2026-07-02","hmap","0xbe502A2e6F02c313005D53CE09c3498Fc22c550b","0,6","externa_no_clasificada","False","2026-07-02_hmap.xlsx"
"2026-07-02","hmap","0xBd097bfaA6a21B0f94609e6cD08b0D1B790eC417","0,6","externa_no_clasificada","False","2026-07-02_hmap.xlsx"
"2026-07-02","hmap","0xD972468486e9f0A003A3477809143c0953377bEe","0,6","externa_no_clasificada","False","2026-07-02_hmap.xlsx"
"2026-07-02","hmap","0x96Ee278A9D0a1a1920b04a18B97296506C476C92","0,6","externa_no_clasificada","False","2026-07-02_hmap.xlsx"
"2026-07-02","hmap","0x81Bbb76A378b68abB64035a1F2C29A9501dFDEA2","0,6","externa_no_clasificada","False","2026-07-02_hmap.xlsx"
"2026-07-02","hmap","0xF872d11E248FE9246E0c848488A83f4329cDd864","0,6","externa_no_clasificada","False","2026-07-02_hmap.xlsx"
"2026-07-02","hmap","0x3C0Ac7342dDB5Bc852ff06Ed954A318ac3122590","0,6","externa_no_clasificada","False","2026-07-02_hmap.xlsx"
"2026-07-02","hmap","0xc85b1B8B6872758B18CA042a63a49C21953bb61e","0,6","externa_no_clasificada","False","2026-07-02_hmap.xlsx"
"2026-07-02","hmap","0x2eE9C9e91cCe3dA0902d03886998Fc33295E92FF","0,6","externa_no_clasificada","False","2026-07-02_hmap.xlsx"
"2026-07-02","hmap","0xF2436CF6DC559f9917Fd17610d71298b0e2965Ac","0,6","externa_no_clasificada","False","2026-07-02_hmap.xlsx"
"2026-07-02","hmap","0xcD2dfD124Fe9c08403A9B255Fb25EdDbe4c9a755","0,6","externa_no_clasificada","False","2026-07-02_hmap.xlsx"
"2026-07-02","hmap","0xfaf6F65BfEE4E63993c16cD077F98AA84d27490c","0,6","externa_no_clasificada","False","2026-07-02_hmap.xlsx"
"2026-07-02","hmap","0xAf3B4fa64AE20bF9c94bE394Ee155D7B70bBEA0A","0,6","externa_no_clasificada","False","2026-07-02_hmap.xlsx"
"2026-07-02","hmap","0x345536CCF971A752FADe5cf4A24b0C776e5DCc00","0,6","externa_no_clasificada","False","2026-07-02_hmap.xlsx"
"2026-07-02","hmap","0x31d324bd25394ec7F0bd822299118B026c906569","0,59736","externa_no_clasificada","False","2026-07-02_hmap.xlsx"
"2026-07-02","hmap","0x00a7D6248686d17c6271009a29Cd5a970b0d62a2","0,5972","externa_no_clasificada","False","2026-07-02_hmap.xlsx"
"2026-07-02","hmap","0xAD77Ac88E85966123ecd37C4F041e080C7f3ee01","0,59537999","externa_no_clasificada","False","2026-07-02_hmap.xlsx"
"2026-07-02","hmap","0x3C0de43E55fC7c73261B970d90cE7055C48fAa16","0,57875","externa_no_clasificada","False","2026-07-02_hmap.xlsx"
"2026-07-02","hmap","0xa57c42Cd0b9a778933699995f616229203FD6A78","0,5712","externa_no_clasificada","False","2026-07-02_hmap.xlsx"
"2026-07-02","hmap","0x681D8b7f911140077Dc1648c587e2d0CB7319ea1","0,56888","externa_no_clasificada","False","2026-07-02_hmap.xlsx"
"2026-07-02","hmap","0x6C287A5CF6e88Ec7787e3398349105FfbED22055","0,56787","externa_no_clasificada","False","2026-07-02_hmap.xlsx"
"2026-07-02","hmap","0x1639df48dF75328b9A035dC19cD596Ebc9887067","0,564","externa_no_clasificada","False","2026-07-02_hmap.xlsx"
"2026-07-02","hmap","0x9cB14DC5f8bAf0F23C90E79918fB95fC1143416f","0,5618","externa_no_clasificada","False","2026-07-02_hmap.xlsx"
"2026-07-02","hmap","0x2B0cFf7d3cb2Fd9a7dD5f88Bab110A7ed1A1a530","0,55235","externa_no_clasificada","False","2026-07-02_hmap.xlsx"
"2026-07-02","hmap","0xaC7418028BC584b4a93DD75984b8A48E2A061CFA","0,55","externa_no_clasificada","False","2026-07-02_hmap.xlsx"
"2026-07-02","hmap","0x8E94c060D8846a7816283202e6496401C88C1020","0,53373","externa_no_clasificada","False","2026-07-02_hmap.xlsx"
"2026-07-02","hmap","0x3E57BDcdD94C9B43732133469cc2faB1b4381f47","0,51462","externa_no_clasificada","False","2026-07-02_hmap.xlsx"
"2026-07-02","hmap","0x3620Cc435C39743dd4083A3776744509E1bAbB2E","0,51076","externa_no_clasificada","False","2026-07-02_hmap.xlsx"
"2026-07-02","hmap","0xa9aA75BEcAEE64927d736F7ebedE4b850727e464","0,5","externa_no_clasificada","False","2026-07-02_hmap.xlsx"
"2026-07-02","hmap","0xd103d3344Cc08C61335e8c8Ae508F73dFc504422","0,5","externa_no_clasificada","False","2026-07-02_hmap.xlsx"
"2026-07-02","hmap","0xd2C5ac07982aBbA2F38851Ed8d64e43849f77Fe3","0,5","externa_no_clasificada","False","2026-07-02_hmap.xlsx"
"2026-07-02","hmap","0xb6b8843Fc48844fa037CA68f64402Ca1cE92A81D","0,5","externa_no_clasificada","False","2026-07-02_hmap.xlsx"
"2026-07-02","hmap","0xb6729fb9093f9384d0d520C303592AacBD1514Ec","0,5","externa_no_clasificada","False","2026-07-02_hmap.xlsx"
"2026-07-02","hmap","0x468d328a6BDf3138829C4af32F78B9aB13117971","0,5","externa_no_clasificada","False","2026-07-02_hmap.xlsx"
"2026-07-02","hmap","0x91c823B290941c877aB26181259aC508b8C9091f","0,5","externa_no_clasificada","False","2026-07-02_hmap.xlsx"
"2026-07-02","hmap","0xa0E2e783C039AC30e101E7A5a2b273D3f238b1a0","0,5","externa_no_clasificada","False","2026-07-02_hmap.xlsx"
"2026-07-02","hmap","0xBcfbf32c1bcA36598D6340D5497B650E38Ab20f6","0,5","externa_no_clasificada","False","2026-07-02_hmap.xlsx"
"2026-07-02","hmap","0xe332DbFaD3A841166175c60301d8f47E0995ec29","0,5","externa_no_clasificada","False","2026-07-02_hmap.xlsx"
"2026-07-02","hmap","0xcD3365A428C508788E0E8dBe9fE200b18dB3F6CC","0,5","externa_no_clasificada","False","2026-07-02_hmap.xlsx"
"2026-07-02","hmap","0xc7aBc8C79999771D10182F0AEBAaf2fCdACfC94b","0,5","externa_no_clasificada","False","2026-07-02_hmap.xlsx"
"2026-07-02","hmap","0xD37B630a628B2538C2b8Ee4831593289B55b6eE3","0,5","externa_no_clasificada","False","2026-07-02_hmap.xlsx"
"2026-07-02","hmap","0x78A9B003d9F5C73E56dDBc2B251136F14c33de57","0,5","externa_no_clasificada","False","2026-07-02_hmap.xlsx"
"2026-07-02","hmap","0x80C2f3782168A548AaaEaeF478DC82C810c10467","0,5","externa_no_clasificada","False","2026-07-02_hmap.xlsx"
"2026-07-02","hmap","0x8cBDE45ade7F009425f133eC61f3bBa80D1D12B9","0,5","externa_no_clasificada","False","2026-07-02_hmap.xlsx"
"2026-07-02","hmap","0x632780B8439c137995317834219bD5F61E3e0656","0,5","externa_no_clasificada","False","2026-07-02_hmap.xlsx"
"2026-07-02","hmap","0xf54a2397cd125A61eE81D1c9a9811b983f29c049","0,5","externa_no_clasificada","False","2026-07-02_hmap.xlsx"
"2026-07-02","hmap","0x5cB5bb9D5E8BFD6FB5A80290F2d54a57A43fa2e7","0,4963","externa_no_clasificada","False","2026-07-02_hmap.xlsx"
"2026-07-02","hmap","0x479Fbc5C69dE742C78Db965238F9F91873E37E8d","0,4945","externa_no_clasificada","False","2026-07-02_hmap.xlsx"
"2026-07-02","hmap","0x90c33AB3bCd90d0Ef01af8b64A5eeF0596B43C9E","0,49186","externa_no_clasificada","False","2026-07-02_hmap.xlsx"
"2026-07-02","hmap","0x3441eD630a87D75acdc9Dc7d4A3944c001B369Fb","0,489","externa_no_clasificada","False","2026-07-02_hmap.xlsx"
"2026-07-02","hmap","0x49791b946A2290b1C04E2D48f557f22dAef47Bd2","0,4716","externa_no_clasificada","False","2026-07-02_hmap.xlsx"
"2026-07-02","hmap","0xF70fA0D230af06A0857e20eE470FB500B90A64dE","0,4672","externa_no_clasificada","False","2026-07-02_hmap.xlsx"
"2026-07-02","hmap","0x7977c4497f3367B3630FcC689608F80eD4dD019D","0,4618","externa_no_clasificada","False","2026-07-02_hmap.xlsx"
"2026-07-02","hmap","0x4383B469b83632e45812e71DcA609878C20EE212","0,4602","externa_no_clasificada","False","2026-07-02_hmap.xlsx"
"2026-07-02","hmap","0x037B1FfbBFf63ff7Ed4fd3b4918521e9786C0D16","0,451","externa_no_clasificada","False","2026-07-02_hmap.xlsx"
"2026-07-02","hmap","0x8A5DA3F80E42af0Fec6130FC5B713980Cac8cb59","0,45","externa_no_clasificada","False","2026-07-02_hmap.xlsx"
"2026-07-02","hmap","0xf23d3D523D0e4C7d1DD663074CDaFd4CB63b458f","0,445","externa_no_clasificada","False","2026-07-02_hmap.xlsx"
"2026-07-02","hmap","0x290E627907D883E6769194920B2fd4DCc1Cd20e3","0,44381","externa_no_clasificada","False","2026-07-02_hmap.xlsx"
"2026-07-02","hmap","0x33DCBA9a10C8109670BfC99285C793C1E9057c85","0,44064","externa_no_clasificada","False","2026-07-02_hmap.xlsx"
"2026-07-02","hmap","0xbA0526C9C84aeAaF82AecE7204D2Bf5e19CE8cE6","0,4324","externa_no_clasificada","False","2026-07-02_hmap.xlsx"
"2026-07-02","hmap","0xF32b3bbf9564ad692Fc603adFAb934a822F59d68","0,4268","externa_no_clasificada","False","2026-07-02_hmap.xlsx"
"2026-07-02","hmap","0x1dF9c80Bfcd100c888FAB9f1EeD70e7E6fBe8596","0,40112","externa_no_clasificada","False","2026-07-02_hmap.xlsx"
"2026-07-02","hmap","0x86D50c68e2A3Ba736935985DB3C217A4bD184099","0,4","externa_no_clasificada","False","2026-07-02_hmap.xlsx"
"2026-07-02","hmap","0xAc016ccB7c152541059851fea7fB34bb15368f8f","0,4","externa_no_clasificada","False","2026-07-02_hmap.xlsx"
"2026-07-02","hmap","0xb6e28dEe12553765d953Eab9BC000aD60c1d870c","0,4","externa_no_clasificada","False","2026-07-02_hmap.xlsx"
"2026-07-02","hmap","0x50D05FbE9F73199bFDfb3f5D894F2F26ce15EEfF","0,4","externa_no_clasificada","False","2026-07-02_hmap.xlsx"
"2026-07-02","hmap","0xAae5f12240fDdd4e554e752062766557A3333C55","0,4","externa_no_clasificada","False","2026-07-02_hmap.xlsx"
"2026-07-02","hmap","0x444Eb6F712e4d1D49276e8A31e25cc51588a77fE","0,4","externa_no_clasificada","False","2026-07-02_hmap.xlsx"
"2026-07-02","hmap","0xfFA4D1B0C02e274401776b09B75CFbdd42120D8A","0,4","externa_no_clasificada","False","2026-07-02_hmap.xlsx"
"2026-07-02","hmap","0x91c0aA2F24b1dC26f3a0a20A09fbe60329971154","0,4","externa_no_clasificada","False","2026-07-02_hmap.xlsx"
"2026-07-02","hmap","0xa48112BB1D2Bf0f6184cBCCF13a6a2DA64378fD1","0,4","externa_no_clasificada","False","2026-07-02_hmap.xlsx"
"2026-07-02","hmap","0xaD5AaC9f55bc0c5606A4eC10e70b00D18435Ba5c","0,4","externa_no_clasificada","False","2026-07-02_hmap.xlsx"
"2026-07-02","hmap","0x2D69E0f91980f72aaC04427cdebbeB61991e728A","0,4","externa_no_clasificada","False","2026-07-02_hmap.xlsx"
"2026-07-02","hmap","0xA183977a095062565932F2C3CB0C355Fb6fbcE6F","0,4","externa_no_clasificada","False","2026-07-02_hmap.xlsx"
"2026-07-02","hmap","0x5a05CC2b554Ee5C002BD89Ef38a16CED872edc60","0,4","externa_no_clasificada","False","2026-07-02_hmap.xlsx"
"2026-07-02","hmap","0xC965a8aB85dCe77005E0b1e79dD42449Fdc5dC16","0,4","externa_no_clasificada","False","2026-07-02_hmap.xlsx"
"2026-07-02","hmap","0xCe169CA2818C31D6D1d2a4F61AA75D3786C59e7c","0,4","externa_no_clasificada","False","2026-07-02_hmap.xlsx"
"2026-07-02","hmap","0xc352bdE6EF12e35808481739FD3a94D43930C32E","0,4","externa_no_clasificada","False","2026-07-02_hmap.xlsx"
"2026-07-02","hmap","0x6B8bfA6de3BFa24EEFCd7D9FD15fA2761beF117C","0,4","externa_no_clasificada","False","2026-07-02_hmap.xlsx"
"2026-07-02","hmap","0xfd3a41Bd693C2cc84c999c0715C714913F46E330","0,4","externa_no_clasificada","False","2026-07-02_hmap.xlsx"
"2026-07-02","hmap","0x7b302B3C969126b84Cee27f441440A3877324cfc","0,4","externa_no_clasificada","False","2026-07-02_hmap.xlsx"
"2026-07-02","hmap","0x4fa4726718637FB60658e6085e4111CaC8d3860b","0,4","externa_no_clasificada","False","2026-07-02_hmap.xlsx"
"2026-07-02","hmap","0x05687Bc16F299192C18B952c697E67062974f685","0,4","externa_no_clasificada","False","2026-07-02_hmap.xlsx"
"2026-07-02","hmap","0x65d7Fefd41791FfF8f1797aE01C7C7974E030C90","0,4","externa_no_clasificada","False","2026-07-02_hmap.xlsx"
"2026-07-02","hmap","0x583bB11f824c1E148E0A4D2E76834af50e6b1Dae","0,4","externa_no_clasificada","False","2026-07-02_hmap.xlsx"
"2026-07-02","hmap","0x3627533fba8F222944723706331D57e865298f3E","0,3998","externa_no_clasificada","False","2026-07-02_hmap.xlsx"
"2026-07-02","hmap","0xEDF815E489CD1EB31f36F10D08e18823C4eFc2bA","0,38769999","externa_no_clasificada","False","2026-07-02_hmap.xlsx"
"2026-07-02","hmap","0xC23A4Aed4b778Ddc1F27b5eD05cBF863b21FFd25","0,3829","externa_no_clasificada","False","2026-07-02_hmap.xlsx"
"2026-07-02","hmap","0x94b74A3Bd41e7bDFD553fC322890cee23A4E9BAe","0,38","externa_no_clasificada","False","2026-07-02_hmap.xlsx"
"2026-07-02","hmap","0x9AF97ceA347f4Ae72C3a2f5AB3c0B30B98Bd6f68","0,37442999","externa_no_clasificada","False","2026-07-02_hmap.xlsx"
"2026-07-02","hmap","0x7b06AaD1096d1739211e30e5838fCD8CeD30A819","0,367","externa_no_clasificada","False","2026-07-02_hmap.xlsx"
"2026-07-02","hmap","0xF4cCF29232663F207190d1e24ff26De144c4B11f","0,36536","externa_no_clasificada","False","2026-07-02_hmap.xlsx"
"2026-07-02","hmap","0xc504Bd9160a786ea638D1CdBe99eB1fa2E082aFc","0,3534","externa_no_clasificada","False","2026-07-02_hmap.xlsx"
"2026-07-02","hmap","0x7bD3C2E036315389E7bAb003bA5608192608bE7e","0,35078","externa_no_clasificada","False","2026-07-02_hmap.xlsx"
"2026-07-02","hmap","0x3C33Dc8Aa7D636CD862A2fB63129A07C674E4574","0,33821","externa_no_clasificada","False","2026-07-02_hmap.xlsx"
"2026-07-02","hmap","0x47Af1E6602c1AA93062De209f2A2936710b04593","0,33456","externa_no_clasificada","False","2026-07-02_hmap.xlsx"
"2026-07-02","hmap","0x05320E7163aa335D877df08eBA06FDEb61F38cc3","0,32088","externa_no_clasificada","False","2026-07-02_hmap.xlsx"
"2026-07-02","hmap","0xd2349f88b2B1547098770B683E1Acd4D6C78Eca8","0,31818","externa_no_clasificada","False","2026-07-02_hmap.xlsx"
"2026-07-02","hmap","0x626094e782449b785d0D3B555Add30f4f8abb968","0,3162","externa_no_clasificada","False","2026-07-02_hmap.xlsx"
"2026-07-02","hmap","0x1B1FC950C6189cC7e44caB9835345FBE6FEA3f4b","0,3126","externa_no_clasificada","False","2026-07-02_hmap.xlsx"
"2026-07-02","hmap","0x2FeB21F0c3b0025BDd7Af3E0DC45EE5Cd17F6B3F","0,3077","externa_no_clasificada","False","2026-07-02_hmap.xlsx"
"2026-07-02","hmap","0x57D1b35d089f228e095732d11a9E076515f08633","0,30756","externa_no_clasificada","False","2026-07-02_hmap.xlsx"
"2026-07-02","hmap","0xFA5f4fAE89B5d482F3A56CC08689b10Ea6566F3E","0,30588","externa_no_clasificada","False","2026-07-02_hmap.xlsx"
"2026-07-02","hmap","0xAd98AE6A5Aa44EdF8706Eca8Fb20B30CdbCA0683","0,3002","externa_no_clasificada","False","2026-07-02_hmap.xlsx"
"2026-07-02","hmap","0x2aBAF9ACD901B87e59ac49140CA74A76854cD808","0,3","externa_no_clasificada","False","2026-07-02_hmap.xlsx"
"2026-07-02","hmap","0x657411FABcE4580725bf0A075a6A1b757A58b835","0,3","externa_no_clasificada","False","2026-07-02_hmap.xlsx"
"2026-07-02","hmap","0x01B89786798eA261b961e73388D17d1A3E0c9bAe","0,3","externa_no_clasificada","False","2026-07-02_hmap.xlsx"
"2026-07-02","hmap","0xDad41862dfEa8ef7791c5f8b1e4b20a2d8f16112","0,3","externa_no_clasificada","False","2026-07-02_hmap.xlsx"
"2026-07-02","hmap","0xB039CE78dBA1A9B04CC630F47a204E67dB0A467f","0,3","externa_no_clasificada","False","2026-07-02_hmap.xlsx"
"2026-07-02","hmap","0xEa983dd4F6499e8771A8FE919fe71e73bB2A6649","0,3","externa_no_clasificada","False","2026-07-02_hmap.xlsx"
"2026-07-02","hmap","0xeEd2491B0BF455452E6c465624f319106aB33dA5","0,3","externa_no_clasificada","False","2026-07-02_hmap.xlsx"
"2026-07-02","hmap","0xc28F0A364D4573397bC1f4bC5080E67D66d3EDb9","0,3","externa_no_clasificada","False","2026-07-02_hmap.xlsx"
"2026-07-02","hmap","0x0F03307A1E624396e48865A3aF231436B449a448","0,3","externa_no_clasificada","False","2026-07-02_hmap.xlsx"
"2026-07-02","hmap","0xe07Be761D7c0F06257915ca6AbEa5Dc5d9e2bbC9","0,3","externa_no_clasificada","False","2026-07-02_hmap.xlsx"
"2026-07-02","hmap","0x4a5bB0429e4Af568F076877EDf34D7D9018af000","0,3","externa_no_clasificada","False","2026-07-02_hmap.xlsx"
"2026-07-02","hmap","0xb4febc8171F54191d6BF2b12eBF29685354a68c9","0,3","externa_no_clasificada","False","2026-07-02_hmap.xlsx"
"2026-07-02","hmap","0xDE004e8a62e56D454dBD611DD4564B5b97dEe8Ff","0,3","externa_no_clasificada","False","2026-07-02_hmap.xlsx"
"2026-07-02","hmap","0xD59bc94638B3fA34A328EA85ef3D060A929456b9","0,3","externa_no_clasificada","False","2026-07-02_hmap.xlsx"
"2026-07-02","hmap","0x86Ad8823516251bF5C6255947e5772BFBE145A63","0,3","externa_no_clasificada","False","2026-07-02_hmap.xlsx"
"2026-07-02","hmap","0x454C2593F99f69efB132b8A704eAe44d5C2e6f4f","0,3","externa_no_clasificada","False","2026-07-02_hmap.xlsx"
"2026-07-02","hmap","0x4708ac8dAC4af3A86913A2440773522E03BdDFd9","0,3","externa_no_clasificada","False","2026-07-02_hmap.xlsx"
"2026-07-02","hmap","0xd01a8AE4Ae75d5468b296524Ca0F52efB301FDB7","0,3","externa_no_clasificada","False","2026-07-02_hmap.xlsx"
"2026-07-02","hmap","0x4Da578e3a9d879dfcd553b921A6E522A36Ea4CcC","0,3","externa_no_clasificada","False","2026-07-02_hmap.xlsx"
"2026-07-02","hmap","0x7822B2CaB6592D4c8d5c7EbdA48F870009a21E09","0,3","externa_no_clasificada","False","2026-07-02_hmap.xlsx"
"2026-07-02","hmap","0x5B8571a510E4088B816aa86f205E67136b9E7C74","0,3","externa_no_clasificada","False","2026-07-02_hmap.xlsx"
"2026-07-02","hmap","0x1eCEAE927Ff9e577bEEE749179244E1a6fBF9F35","0,3","externa_no_clasificada","False","2026-07-02_hmap.xlsx"
"2026-07-02","hmap","0x8443b0F9BB616D2F330892a6CCa9492654751f70","0,3","externa_no_clasificada","False","2026-07-02_hmap.xlsx"
"2026-07-02","hmap","0xD2568975574e292C0b53249Ca917965F9Ad5bD03","0,3","externa_no_clasificada","False","2026-07-02_hmap.xlsx"
"2026-07-02","hmap","0xd6CFc414618799cdf48752F8915d5D47e153a3C1","0,3","externa_no_clasificada","False","2026-07-02_hmap.xlsx"
"2026-07-02","hmap","0x7e913AE06db4A61D7dBfAB479a287fe571468cDB","0,3","externa_no_clasificada","False","2026-07-02_hmap.xlsx"
"2026-07-02","hmap","0xf8fD6aB241C6eFCc60855F1097a88B94f57ACB2B","0,3","externa_no_clasificada","False","2026-07-02_hmap.xlsx"
"2026-07-02","hmap","0x0C544f9B16525818266238838346873b627971D8","0,3","externa_no_clasificada","False","2026-07-02_hmap.xlsx"
"2026-07-02","hmap","0xe29B9d2a19bAe31f9b3F663130B1FA29f651E0f5","0,3","externa_no_clasificada","False","2026-07-02_hmap.xlsx"
"2026-07-02","hmap","0xfaC1E94792759786F79ea81c0399E9d2ebf6B975","0,3","externa_no_clasificada","False","2026-07-02_hmap.xlsx"
"2026-07-02","hmap","0x9e7993715D539083C508068885d1C2d37dC3aEDD","0,3","externa_no_clasificada","False","2026-07-02_hmap.xlsx"
"2026-07-02","hmap","0xed4d281c4BD8758F5D4bB624a0edAe14B439a141","0,3","externa_no_clasificada","False","2026-07-02_hmap.xlsx"
"2026-07-02","hmap","0x7f2969c39089c69a25c1837a1417Ee9dF53d8Cfb","0,3","externa_no_clasificada","False","2026-07-02_hmap.xlsx"
"2026-07-02","hmap","0x073207100B3527396D42a8724421BF0e83cf9D13","0,3","externa_no_clasificada","False","2026-07-02_hmap.xlsx"
"2026-07-02","hmap","0xa6f415e065ACD0a2a733d6c232F37E4BbfDdE103","0,3","externa_no_clasificada","False","2026-07-02_hmap.xlsx"
"2026-07-02","hmap","0x4202de12973b284a36018eD0474DEF86a617F984","0,3","externa_no_clasificada","False","2026-07-02_hmap.xlsx"
"2026-07-02","hmap","0xDB46D298e450861daE5B39aA28A13078b85df50c","0,3","externa_no_clasificada","False","2026-07-02_hmap.xlsx"
"2026-07-02","hmap","0x79eDa5F368a4cc1F527AF5814a6Aa69B8033d67f","0,292","externa_no_clasificada","False","2026-07-02_hmap.xlsx"
"2026-07-02","hmap","0x42C257Ee479C9dFd97d170686f879bb0476C8288","0,28904","externa_no_clasificada","False","2026-07-02_hmap.xlsx"
"2026-07-02","hmap","0x4Ac6475dC8A024256C4381F135e066881ad7bccE","0,289","externa_no_clasificada","False","2026-07-02_hmap.xlsx"
"2026-07-02","hmap","0xacc92C54bD67Dda6c1C0b28bf899E7772581B270","0,285","externa_no_clasificada","False","2026-07-02_hmap.xlsx"
"2026-07-02","hmap","0x7a02454dB046C7e3b9A6050751C6Db53f37a3dF2","0,28045","externa_no_clasificada","False","2026-07-02_hmap.xlsx"
"2026-07-02","hmap","0x0882f0c8deFED3355888Bda0252dba14aFC3AE81","0,2776","externa_no_clasificada","False","2026-07-02_hmap.xlsx"
"2026-07-02","hmap","0x7fdfCE92Cfc957C1FB842c1b3A1475389B3FD57c","0,275","externa_no_clasificada","False","2026-07-02_hmap.xlsx"
"2026-07-02","hmap","0xC7f3AA58EfA14eB76565AD05bC1cd8F9fa73fF83","0,27","externa_no_clasificada","False","2026-07-02_hmap.xlsx"
"2026-07-02","hmap","0x9C07C722b4e9a6B1eeeB4305C05d3226EC778E61","0,2672","externa_no_clasificada","False","2026-07-02_hmap.xlsx"
"2026-07-02","hmap","0x361a88a0ceDbBd1aD70769E05dCcD2Bf6929e953","0,266","externa_no_clasificada","False","2026-07-02_hmap.xlsx"
"2026-07-02","hmap","0x7b54c63F3fd145C32b604dA72bDB8D220A4597bC","0,2586","externa_no_clasificada","False","2026-07-02_hmap.xlsx"
"2026-07-02","hmap","0x6878f368d7145378bB27606Ebb2e486417DFb57B","0,25662","externa_no_clasificada","False","2026-07-02_hmap.xlsx"
"2026-07-02","hmap","0x952cF6362c7E831c3f73fEBf981ab94Ca36B16C6","0,25116","externa_no_clasificada","False","2026-07-02_hmap.xlsx"
"2026-07-02","hmap","0x0Fb8D81E324b0535f3ba8a2B6Ccc38CBE44a41A9","0,24921001","externa_no_clasificada","False","2026-07-02_hmap.xlsx"
"2026-07-02","hmap","0x7B37805e357EebE39dD44a2D26D8e51CEE9c9C39","0,245","externa_no_clasificada","False","2026-07-02_hmap.xlsx"
"2026-07-02","hmap","0x23cC819ddaB73a2E38aeb7C432a39B4a0eD0dDB1","0,2379","externa_no_clasificada","False","2026-07-02_hmap.xlsx"
"2026-07-02","hmap","0x908494E93B1BE71bDDD55a3DFCAD85Eb9631B635","0,2336","externa_no_clasificada","False","2026-07-02_hmap.xlsx"
"2026-07-02","hmap","0xf937072196b2c5c87B67946158830988Dd128780","0,23234","externa_no_clasificada","False","2026-07-02_hmap.xlsx"
"2026-07-02","hmap","0x1605A7438f77d680e557b6861F38CFc3Ae61c322","0,2307","externa_no_clasificada","False","2026-07-02_hmap.xlsx"
"2026-07-02","hmap","0x0f97C859c14E602Ef855666aaF5a3C1E2515df46","0,23","externa_no_clasificada","False","2026-07-02_hmap.xlsx"
"2026-07-02","hmap","0xc7cD1a9635eAcF8b209B839e246455dD2E261667","0,229","externa_no_clasificada","False","2026-07-02_hmap.xlsx"
"2026-07-02","hmap","0x56227565cAcB5B96f860d9C092a2dBd39f3270B6","0,21597","externa_no_clasificada","False","2026-07-02_hmap.xlsx"
"2026-07-02","hmap","0x022F010f38a65387b86c64729839661d0871B208","0,2157","externa_no_clasificada","False","2026-07-02_hmap.xlsx"
"2026-07-02","hmap","0x436875D44c74F96B88a9cc500a2b21E368443DFe","0,21338","externa_no_clasificada","False","2026-07-02_hmap.xlsx"
"2026-07-02","hmap","0x2Bce5393148777c153Ee6290ad24B9F780F376C9","0,2126","externa_no_clasificada","False","2026-07-02_hmap.xlsx"
"2026-07-02","hmap","0xAdC6134109Ee31Bf0d942B8954d5ED85896D7f23","0,2126","externa_no_clasificada","False","2026-07-02_hmap.xlsx"
"2026-07-02","hmap","0x480A02E7778BeC9E70a11C8134c0Ecf0c90C4c8c","0,207","externa_no_clasificada","False","2026-07-02_hmap.xlsx"
"2026-07-02","hmap","0x7616FC455eC52472Bf233c7aD319f647B65c3a0C","0,20698","externa_no_clasificada","False","2026-07-02_hmap.xlsx"
"2026-07-02","hmap","0xF3F3F60587ff312Db8872e7fc145A6e79EfFa67D","0,2042","externa_no_clasificada","False","2026-07-02_hmap.xlsx"
"2026-07-02","hmap","0x6B7876d541dAD77Aafa29aC29C729eEb4264994B","0,2042","externa_no_clasificada","False","2026-07-02_hmap.xlsx"
"2026-07-02","hmap","0x220F0986C22CF14e18A8951E9BfBF4808D68D92D","0,2024","externa_no_clasificada","False","2026-07-02_hmap.xlsx"
"2026-07-02","hmap","0x9692053b5D23A9eA034a085fe8E608B148bffAAd","0,20000001","externa_no_clasificada","False","2026-07-02_hmap.xlsx"
"2026-07-02","hmap","0x0b1eCBc13182feA6909cDf3ad52937A52933daAE","0,2","externa_no_clasificada","False","2026-07-02_hmap.xlsx"
"2026-07-02","hmap","0x0ea50d6BF1dB90a35C972324c7A579918671508C","0,2","externa_no_clasificada","False","2026-07-02_hmap.xlsx"
"2026-07-02","hmap","0x15601927115dd54c1530F43d80BC50d253baD55d","0,2","externa_no_clasificada","False","2026-07-02_hmap.xlsx"
"2026-07-02","hmap","0xad5Aa6f2c79067daa7Cdc6fCa30FC800cF51EDC3","0,2","externa_no_clasificada","False","2026-07-02_hmap.xlsx"
"2026-07-02","hmap","0xF092C66B63Abd62b08C047F34B8121a276823976","0,2","externa_no_clasificada","False","2026-07-02_hmap.xlsx"
"2026-07-02","hmap","0xfE9c8ab6C4d97F420F80090d9C43b20314b96e9D","0,2","externa_no_clasificada","False","2026-07-02_hmap.xlsx"
"2026-07-02","hmap","0x0920837D51385044D9449fb0Ef92858c2C4C16F7","0,2","externa_no_clasificada","False","2026-07-02_hmap.xlsx"
"2026-07-02","hmap","0x1A3F10990B18844Ed1faf2548152AB0009b013f8","0,2","externa_no_clasificada","False","2026-07-02_hmap.xlsx"
"2026-07-02","hmap","0x9A6dC49bE4B5a09d96e122Ea914Ef0D3A756C35F","0,2","externa_no_clasificada","False","2026-07-02_hmap.xlsx"
"2026-07-02","hmap","0x5cCb78929B42BEF29d4be06db10b48133cC4dDf2","0,2","externa_no_clasificada","False","2026-07-02_hmap.xlsx"
"2026-07-02","hmap","0xF6540b21dd22271768D6893359faB5D05D4C9747","0,2","externa_no_clasificada","False","2026-07-02_hmap.xlsx"
"2026-07-02","hmap","0x01156a637B8939f3A36659Df827e108ca20Bf69B","0,2","externa_no_clasificada","False","2026-07-02_hmap.xlsx"
"2026-07-02","hmap","0x18D27DcCF82cD2bFD5F3026Cc45c8Bd3f9035D5b","0,2","externa_no_clasificada","False","2026-07-02_hmap.xlsx"
"2026-07-02","hmap","0x6135034ea7bAb314d2B56d2B8e7AdBd049ab3503","0,2","externa_no_clasificada","False","2026-07-02_hmap.xlsx"
"2026-07-02","hmap","0x9e1E66547E37145C9e27629272879d8f266adCD8","0,2","externa_no_clasificada","False","2026-07-02_hmap.xlsx"
"2026-07-02","hmap","0x9fBE46Cf73b81dd5b7A59034A9acF5951B389a3D","0,2","externa_no_clasificada","False","2026-07-02_hmap.xlsx"
"2026-07-02","hmap","0xD2Af781E84bb93Af3ff1256431e0822489e0B2A9","0,2","externa_no_clasificada","False","2026-07-02_hmap.xlsx"
"2026-07-02","hmap","0xb17939aB1fc7190977FFc73a55CA47B8a413BD9d","0,2","externa_no_clasificada","False","2026-07-02_hmap.xlsx"
"2026-07-02","hmap","0x81794b6B765ea6d2924B24E48E38C076a94a8647","0,2","externa_no_clasificada","False","2026-07-02_hmap.xlsx"
"2026-07-02","hmap","0x99a379191F46e787687b1497a013B3C1d7A1D01d","0,2","externa_no_clasificada","False","2026-07-02_hmap.xlsx"
"2026-07-02","hmap","0x8FdE4bB0F44F9f5C2AAD38A7A4e68A2748e17a56","0,2","externa_no_clasificada","False","2026-07-02_hmap.xlsx"
"2026-07-02","hmap","0xe7385059b133966ecB9097969dBadefA8E881fF4","0,2","externa_no_clasificada","False","2026-07-02_hmap.xlsx"
"2026-07-02","hmap","0x439056efEbbcaAFC40803597E34BbD5D0F9e62Ae","0,2","externa_no_clasificada","False","2026-07-02_hmap.xlsx"
"2026-07-02","hmap","0x8cc857b56dC05756c0eaf7987bC6cd70D3F35E1f","0,2","externa_no_clasificada","False","2026-07-02_hmap.xlsx"
"2026-07-02","hmap","0x7Ae993d16D6626dBA4E9AB400ABB969C37Ca67fc","0,2","externa_no_clasificada","False","2026-07-02_hmap.xlsx"
"2026-07-02","hmap","0xC4E12ba03da1f9397FaD0FF537bAd300e4c6c98C","0,2","externa_no_clasificada","False","2026-07-02_hmap.xlsx"
"2026-07-02","hmap","0x9aF27cA75f2d37969F388294410FD9e97b68eEb2","0,2","externa_no_clasificada","False","2026-07-02_hmap.xlsx"
"2026-07-02","hmap","0x1210fd6501387b3849BD9Fe6a67334Cb4AF588a8","0,2","externa_no_clasificada","False","2026-07-02_hmap.xlsx"
"2026-07-02","hmap","0x022c15689AB56A7cF886ea09558155734006dFaa","0,2","externa_no_clasificada","False","2026-07-02_hmap.xlsx"
"2026-07-02","hmap","0x36350c961527a9EC4BC344386F634D215E4465Ed","0,2","externa_no_clasificada","False","2026-07-02_hmap.xlsx"
"2026-07-02","hmap","0x3d44Ce4F87DcbeD86c71E229DA63d7D2A06Ae584","0,2","externa_no_clasificada","False","2026-07-02_hmap.xlsx"
"2026-07-02","hmap","0x7d03Ac63f4403b88be97b4b80Bb7B948280C8f0A","0,2","externa_no_clasificada","False","2026-07-02_hmap.xlsx"
"2026-07-02","hmap","0x0bD380F6a4FeA180E4d56DAc3Bc9C559C8D8e3B9","0,2","externa_no_clasificada","False","2026-07-02_hmap.xlsx"
"2026-07-02","hmap","0xf6A24634B1Ac8c5cbC71E2A27E3E617Ae2C4ddf3","0,2","externa_no_clasificada","False","2026-07-02_hmap.xlsx"
"2026-07-02","hmap","0x45C8ec30293692f0212a4bFFa2F835dfea50D722","0,2","externa_no_clasificada","False","2026-07-02_hmap.xlsx"
"2026-07-02","hmap","0x14ce42918CB48F64e493E26EC598E16501065fd2","0,2","externa_no_clasificada","False","2026-07-02_hmap.xlsx"
"2026-07-02","hmap","0x371BA228300500DE2b1776395fbde496E729FC3E","0,2","externa_no_clasificada","False","2026-07-02_hmap.xlsx"
"2026-07-02","hmap","0x5207361b663455047faAdC392738122781a0F824","0,2","externa_no_clasificada","False","2026-07-02_hmap.xlsx"
"2026-07-02","hmap","0x1b923b59aE5B2402CF6a48722d60aD43C5C6651F","0,2","externa_no_clasificada","False","2026-07-02_hmap.xlsx"
"2026-07-02","hmap","0x259125Cc2642875cc99d66398701B7F5Cb7bbf8E","0,2","externa_no_clasificada","False","2026-07-02_hmap.xlsx"
"2026-07-02","hmap","0x3C4A044CE69Fb0715FEA4F81eA778c1892108C9A","0,2","externa_no_clasificada","False","2026-07-02_hmap.xlsx"
"2026-07-02","hmap","0xD48Add7F3De80aa74C19566f1dC5e3164d4E5819","0,2","externa_no_clasificada","False","2026-07-02_hmap.xlsx"
"2026-07-02","hmap","0xBaC728421D909BB02b4BE12132d767324cd13FA6","0,2","externa_no_clasificada","False","2026-07-02_hmap.xlsx"
"2026-07-02","hmap","0x49D96e1db45381Ee944edA41C55F0715D667C37f","0,2","externa_no_clasificada","False","2026-07-02_hmap.xlsx"
"2026-07-02","hmap","0x93685b12440Aa3b5c44e01717d1bCf2e9DA08883","0,2","externa_no_clasificada","False","2026-07-02_hmap.xlsx"
"2026-07-02","hmap","0x073472166268fa450Ad5475317F3ffB6E998505C","0,2","externa_no_clasificada","False","2026-07-02_hmap.xlsx"
"2026-07-02","hmap","0xe71b2e5294E47431bc69932247214830dc3E2304","0,2","externa_no_clasificada","False","2026-07-02_hmap.xlsx"
"2026-07-02","hmap","0x43676D5b8E6DD940C7312C08F10165e7353b24B2","0,2","externa_no_clasificada","False","2026-07-02_hmap.xlsx"
"2026-07-02","hmap","0x39649fB4A78c1cB97431ab22545df4d5563dfF53","0,2","externa_no_clasificada","False","2026-07-02_hmap.xlsx"
"2026-07-02","hmap","0x85c320CAd9f85adCf0C3cFE00d19a46879812B5f","0,2","externa_no_clasificada","False","2026-07-02_hmap.xlsx"
"2026-07-02","hmap","0x3212732718cD51051EaA409325EfEEa8fDC6e924","0,2","externa_no_clasificada","False","2026-07-02_hmap.xlsx"
"2026-07-02","hmap","0x43171dD6CCB6Ef517E0aE4EFE1D0C09885AA0583","0,2","externa_no_clasificada","False","2026-07-02_hmap.xlsx"
"2026-07-02","hmap","0x48ABDB7f3c649216008aC48DFdD7885b0BCFb3F5","0,2","externa_no_clasificada","False","2026-07-02_hmap.xlsx"
"2026-07-02","hmap","0x8c6561C5ff8d29123D7b17b1e2A1902402898B9a","0,2","externa_no_clasificada","False","2026-07-02_hmap.xlsx"
"2026-07-02","hmap","0x7A455653B29985ef664998717626578084E9e578","0,2","externa_no_clasificada","False","2026-07-02_hmap.xlsx"
"2026-07-02","hmap","0xfD406DB5B892cDC75b0cd28A96772a50a4CDE89B","0,2","externa_no_clasificada","False","2026-07-02_hmap.xlsx"
"2026-07-02","hmap","0xB37e33366210cBC6D7DD6dB908Ad2d23f6D17C1F","0,2","externa_no_clasificada","False","2026-07-02_hmap.xlsx"
"2026-07-02","hmap","0xFeB8520244234528758654c286A3d72C9465BA1c","0,2","externa_no_clasificada","False","2026-07-02_hmap.xlsx"
"2026-07-02","hmap","0xC50c1650aC83265ad66AA231E1CF6AF8f380b4d3","0,2","externa_no_clasificada","False","2026-07-02_hmap.xlsx"
"2026-07-02","hmap","0x90F9458ec23b151eaA7553C0665c0614F8772031","0,2","externa_no_clasificada","False","2026-07-02_hmap.xlsx"
"2026-07-02","hmap","0xCDB91e533dC1667BA81bAeaA7Fd1b057024773b5","0,2","externa_no_clasificada","False","2026-07-02_hmap.xlsx"
"2026-07-02","hmap","0x7b692B0e1F3ecF741C72570635E55a13c707974f","0,2","externa_no_clasificada","False","2026-07-02_hmap.xlsx"
"2026-07-02","hmap","0x3Aabf88468B35B25a124273aA34Ada788fCBD768","0,2","externa_no_clasificada","False","2026-07-02_hmap.xlsx"
"2026-07-02","hmap","0x5C99A28b57232610fB6E5b6556fEe8F4C5D8CAb9","0,2","externa_no_clasificada","False","2026-07-02_hmap.xlsx"
"2026-07-02","hmap","0x1fF42d9D51fc74c17770a82D0D173Ba8632DcdF8","0,2","externa_no_clasificada","False","2026-07-02_hmap.xlsx"
"2026-07-02","hmap","0xD277D65aD40C62c9F0e57403DbBa4FedeEcAe7DC","0,2","externa_no_clasificada","False","2026-07-02_hmap.xlsx"
"2026-07-02","hmap","0x0153cbd38e8216Ff7b61f29894fA69FDa2B6ce1B","0,2","externa_no_clasificada","False","2026-07-02_hmap.xlsx"
"2026-07-02","hmap","0xC2A07BF076d79c830216f07607eFf93Af6a02b0b","0,2","externa_no_clasificada","False","2026-07-02_hmap.xlsx"
"2026-07-02","hmap","0x266Ff1CE08B1620fe3795c1EfD92212dF1703cAb","0,2","externa_no_clasificada","False","2026-07-02_hmap.xlsx"
"2026-07-02","hmap","0x3c5BA24E3606CB4BE3bCE0479f4f66c65854d706","0,2","externa_no_clasificada","False","2026-07-02_hmap.xlsx"
"2026-07-02","hmap","0x1810b34Cf472f6de9C4371E4eD775A04D12C8F61","0,2","externa_no_clasificada","False","2026-07-02_hmap.xlsx"
"2026-07-02","hmap","0x4BACc920BA6cb2B6dae9f97a01643a7DcEe73923","0,2","externa_no_clasificada","False","2026-07-02_hmap.xlsx"
"2026-07-02","hmap","0x5A8C3b77C2e3254293915F7c7504de2Ba69a5764","0,2","externa_no_clasificada","False","2026-07-02_hmap.xlsx"
"2026-07-02","hmap","0xc8a3917673742D7f550334350F73c75691702881","0,19874","externa_no_clasificada","False","2026-07-02_hmap.xlsx"
"2026-07-02","hmap","0x5026E054AEBB21Df7d5cFE9Bf460ea6a66EB752A","0,19332","externa_no_clasificada","False","2026-07-02_hmap.xlsx"
"2026-07-02","hmap","0xfd67F58b4Fc094A3258a59c565337D48E7ca55F0","0,1872","externa_no_clasificada","False","2026-07-02_hmap.xlsx"
"2026-07-02","hmap","0xE7D3F7992fe5ced242047156C487C1e510A6679b","0,18283","externa_no_clasificada","False","2026-07-02_hmap.xlsx"
"2026-07-02","hmap","0x58B0B1e5c5F52B197Ab98A9826E3D1F4E3b3E730","0,177","externa_no_clasificada","False","2026-07-02_hmap.xlsx"
"2026-07-02","hmap","0xA6BECaeaa74c44BE4909D62f2cd120F799B03e97","0,17472","externa_no_clasificada","False","2026-07-02_hmap.xlsx"
"2026-07-02","hmap","0x1d51488f975FAFeFEf5274f50060363beDd5ec90","0,1665","externa_no_clasificada","False","2026-07-02_hmap.xlsx"
"2026-07-02","hmap","0x7229cB39e5f8181d1f00BC5460495c5227259F3a","0,16586","externa_no_clasificada","False","2026-07-02_hmap.xlsx"
"2026-07-02","hmap","0xaE1C0f61a8dDB70f4C2243b6d1eb4894632BA3Ac","0,1638","externa_no_clasificada","False","2026-07-02_hmap.xlsx"
"2026-07-02","hmap","0x971a1B3639451DdD9AEc166f3F40fC6FDB7FaD72","0,1594","externa_no_clasificada","False","2026-07-02_hmap.xlsx"
"2026-07-02","hmap","0x15f93d06Ab4693b6Ef059c7F97A55bCC5746374d","0,1525","externa_no_clasificada","False","2026-07-02_hmap.xlsx"
"2026-07-02","hmap","0xc03edF866F0FA6912723e27b0d88AE382F53c90D","0,15","externa_no_clasificada","False","2026-07-02_hmap.xlsx"
"2026-07-02","hmap","0xB49D111aA0DaFb601f182B2B8dF219Fab0432e70","0,14765","externa_no_clasificada","False","2026-07-02_hmap.xlsx"
"2026-07-02","hmap","0xa3C90dA5C3F6b57dfa07c8e3ef331aA56EFC14dB","0,1345","externa_no_clasificada","False","2026-07-02_hmap.xlsx"
"2026-07-02","hmap","0xdb30F9765479BB1c7A0E193c3c7051bBE7886822","0,13","externa_no_clasificada","False","2026-07-02_hmap.xlsx"
"2026-07-02","hmap","0xD1D5184318E135b7CB7EC7A7288B391B68F507F4","0,1277","externa_no_clasificada","False","2026-07-02_hmap.xlsx"
"2026-07-02","hmap","0x043fed7c4223F6e51Bf3bd760EF95dd9621b74b7","0,12419","externa_no_clasificada","False","2026-07-02_hmap.xlsx"
"2026-07-02","hmap","0x79B940c3E9199F7F86228f9d5813DFfC3Cd9D71d","0,1216","externa_no_clasificada","False","2026-07-02_hmap.xlsx"
"2026-07-02","hmap","0x210Dc4d93d3406f7bB9dbc4cc6227A1652aBa8E5","0,12109","externa_no_clasificada","False","2026-07-02_hmap.xlsx"
"2026-07-02","hmap","0x24700Ad51C063606DD1BFb553a24a6FECbd2F078","0,1194","externa_no_clasificada","False","2026-07-02_hmap.xlsx"
"2026-07-02","hmap","0xac3AEF91299c7fbDFEe9856f106b42e9744787cD","0,11613","externa_no_clasificada","False","2026-07-02_hmap.xlsx"
"2026-07-02","hmap","0xcF16352EDB4CBC16a309e6E84F5d0E1764E5E964","0,1152","externa_no_clasificada","False","2026-07-02_hmap.xlsx"
"2026-07-02","hmap","0x4c53048da4E59fdb69d68E01498ab952E40f5526","0,1145","externa_no_clasificada","False","2026-07-02_hmap.xlsx"
"2026-07-02","hmap","0x2B6847B53008aE90e1EF3477bB93Cdd081f09403","0,11391","externa_no_clasificada","False","2026-07-02_hmap.xlsx"
"2026-07-02","hmap","0xd80E549a00a1E71Ac70241Ca8a04589486B907F4","0,1134","externa_no_clasificada","False","2026-07-02_hmap.xlsx"
"2026-07-02","hmap","0x81F0B3cA48020c825B1a22548bA88F0cB9Aa776A","0,1112","externa_no_clasificada","False","2026-07-02_hmap.xlsx"
"2026-07-02","hmap","0xD193d7Dfee5DAE4092Df3fBD67Ff273779336939","0,11101","externa_no_clasificada","False","2026-07-02_hmap.xlsx"
"2026-07-02","hmap","0xDb5F0cb8d33837cA0566E87eff4Fd130d9f128E4","0,11","externa_no_clasificada","False","2026-07-02_hmap.xlsx"
"2026-07-02","hmap","0xE07bed24760dE0F006F4032ae97cce1321b5798C","0,1085","externa_no_clasificada","False","2026-07-02_hmap.xlsx"
"2026-07-02","hmap","0x3Afb473d588cEe6D5BbBEc3cE7d3e55D8B56A053","0,10789","externa_no_clasificada","False","2026-07-02_hmap.xlsx"
"2026-07-02","hmap","0xddA89eaD6E070425A7dD79F544fFa597A70cf14D","0,10319","externa_no_clasificada","False","2026-07-02_hmap.xlsx"
"2026-07-02","hmap","0xA46DFD0A63850De12762316E477BF73CF7Bceb76","0,10306","externa_no_clasificada","False","2026-07-02_hmap.xlsx"
"2026-07-02","hmap","0xE62Caf54ad533434F1AA8dc91A77a75059342450","0,10085","externa_no_clasificada","False","2026-07-02_hmap.xlsx"
"2026-07-02","hmap","0x574e0aC24dF85b58cC3A1411cFA25b8b3f3fCC1A","0,10082","externa_no_clasificada","False","2026-07-02_hmap.xlsx"
"2026-07-02","hmap","0x5EB295D6ec0F15F791c696436C8436a218c10De6","0,1","externa_no_clasificada","False","2026-07-02_hmap.xlsx"
"2026-07-02","hmap","0x0a0d0f19a0E2268054F1fdb48F25420561d244d5","0,1","externa_no_clasificada","False","2026-07-02_hmap.xlsx"
"2026-07-02","hmap","0xa665EB882a5C0277Cb0334c3722570FeBa448986","0,1","externa_no_clasificada","False","2026-07-02_hmap.xlsx"
"2026-07-02","hmap","0x7Ff0464DFAA03FBc6E000d50ee6f84a2F1606095","0,1","externa_no_clasificada","False","2026-07-02_hmap.xlsx"
"2026-07-02","hmap","0x3E6a5c24C2AF633fE373b91d20E2F8689Bd6dB1c","0,1","externa_no_clasificada","False","2026-07-02_hmap.xlsx"
"2026-07-02","hmap","0xdf8Ce8b3615863E28544F3435FDc597Fbd2F655d","0,1","externa_no_clasificada","False","2026-07-02_hmap.xlsx"
"2026-07-02","hmap","0xEeF55f583a06DB78ECFAD0621e063C27E3254CBb","0,1","externa_no_clasificada","False","2026-07-02_hmap.xlsx"
"2026-07-02","hmap","0x6814697D390ac7501b4557f2a4aBe59F564A9Cc6","0,1","externa_no_clasificada","False","2026-07-02_hmap.xlsx"
"2026-07-02","hmap","0xaddca75A3378477e09653676eA7c87bd5a1DD5c7","0,1","externa_no_clasificada","False","2026-07-02_hmap.xlsx"
"2026-07-02","hmap","0x584680acEB6Db9350eC9e575F11f60134AC42523","0,1","externa_no_clasificada","False","2026-07-02_hmap.xlsx"
"2026-07-02","hmap","0x7272c4f659809c4486efD25Bc3fEd4Ffc6a21138","0,1","externa_no_clasificada","False","2026-07-02_hmap.xlsx"
"2026-07-02","hmap","0xC1307906378191ad8C6d25558118dA7CcfFba33a","0,1","externa_no_clasificada","False","2026-07-02_hmap.xlsx"
"2026-07-02","hmap","0xF1818A197DfF7a3476fcAf105AA23d68da682262","0,1","externa_no_clasificada","False","2026-07-02_hmap.xlsx"
"2026-07-02","hmap","0x14308a52113fD462fDb2Ba6ED6f8B797a01e164F","0,1","externa_no_clasificada","False","2026-07-02_hmap.xlsx"
"2026-07-02","hmap","0xBbA0e3C3963EC84A2d16770F61Fce51916186880","0,1","externa_no_clasificada","False","2026-07-02_hmap.xlsx"
"2026-07-02","hmap","0xa2b63C77B7EDA34A7A7C9A22C1F94FB09c9026e5","0,1","externa_no_clasificada","False","2026-07-02_hmap.xlsx"
"2026-07-02","hmap","0x6be3246A9AA625b6b5eaca2bc47c84DCEFE00d09","0,1","externa_no_clasificada","False","2026-07-02_hmap.xlsx"
"2026-07-02","hmap","0x205c6962648Fc5ec97b352c350d14112580D4D7E","0,1","externa_no_clasificada","False","2026-07-02_hmap.xlsx"
"2026-07-02","hmap","0xeef7aFCd5dA5F7fAFb63413F29f57518cb731B52","0,1","externa_no_clasificada","False","2026-07-02_hmap.xlsx"
"2026-07-02","hmap","0x2804Fe59A48e7bEC05dcC4B2623D43f45924aeC9","0,1","externa_no_clasificada","False","2026-07-02_hmap.xlsx"
"2026-07-02","hmap","0xdA6B004bfcC11EB9d725b980c2A73Ef58297c7E7","0,1","externa_no_clasificada","False","2026-07-02_hmap.xlsx"
"2026-07-02","hmap","0x695a79FB9aFFf268aCE6f4B598C57318B82a5860","0,1","externa_no_clasificada","False","2026-07-02_hmap.xlsx"
"2026-07-02","hmap","0x1C15b51c0292894e31f832c18d25A125b89ED27F","0,1","externa_no_clasificada","False","2026-07-02_hmap.xlsx"
"2026-07-02","hmap","0x9824cEc719cEA6CE6b21B0047BcD7Db2A1d307C3","0,1","externa_no_clasificada","False","2026-07-02_hmap.xlsx"
"2026-07-02","hmap","0xF164E7e2Cae2BFc31d6e2ec6AF20BDE9346C63E1","0,1","externa_no_clasificada","False","2026-07-02_hmap.xlsx"
"2026-07-02","hmap","0x8bD0276e122448dcD34722Bd61BBa577693A3236","0,1","externa_no_clasificada","False","2026-07-02_hmap.xlsx"
"2026-07-02","hmap","0xE6E01d5b9FBb61627FEbf8e114F5A26d7277F4B3","0,1","externa_no_clasificada","False","2026-07-02_hmap.xlsx"
"2026-07-02","hmap","0x79d9Af488E203548C027715CFAC6c463ac16a7DF","0,1","externa_no_clasificada","False","2026-07-02_hmap.xlsx"
"2026-07-02","hmap","0x9D3c5a6c4110CFfeEB5610AFF8211d49a47e3C5F","0,1","externa_no_clasificada","False","2026-07-02_hmap.xlsx"
"2026-07-02","hmap","0xFB6866A201596E8819d615A1776D9e6E12e777BD","0,1","externa_no_clasificada","False","2026-07-02_hmap.xlsx"
"2026-07-02","hmap","0x5162569A29b0074D10865E4Dcf661b9bcd058ada","0,1","externa_no_clasificada","False","2026-07-02_hmap.xlsx"
"2026-07-02","hmap","0x419A45a83db6E34B9F73007E4A265E5901812EdB","0,1","externa_no_clasificada","False","2026-07-02_hmap.xlsx"
"2026-07-02","hmap","0x8299a4fD7E95D03de8a454110eC0E5b9f184a43D","0,1","externa_no_clasificada","False","2026-07-02_hmap.xlsx"
"2026-07-02","hmap","0xb5244A394F30c8A10b1a5814E44985f7b6562756","0,1","externa_no_clasificada","False","2026-07-02_hmap.xlsx"
"2026-07-02","hmap","0x4C3653d374e35A3B1DdadA3Eac8502AB05431904","0,1","externa_no_clasificada","False","2026-07-02_hmap.xlsx"
"2026-07-02","hmap","0x603d3003A0f903d10dc03FAA88D24022D346827a","0,1","externa_no_clasificada","False","2026-07-02_hmap.xlsx"
"2026-07-02","hmap","0x45Bdb0459F9f86eB1F4F03255D0C9F8C16c57aA0","0,1","externa_no_clasificada","False","2026-07-02_hmap.xlsx"
"2026-07-02","hmap","0xaBF393e18238c8A6fD33d0eA104ba30659C2422e","0,1","externa_no_clasificada","False","2026-07-02_hmap.xlsx"
"2026-07-02","hmap","0xD25c5208F3D3EdB9D9BCC0f272F6bf411509b27a","0,1","externa_no_clasificada","False","2026-07-02_hmap.xlsx"
"2026-07-02","hmap","0xc2d81fA73Bc2E0734cFEC765A0daFad281BdC552","0,1","externa_no_clasificada","False","2026-07-02_hmap.xlsx"
"2026-07-02","hmap","0x17dDA41d6A4209D3fB135854bAAff2E8BbA7B257","0,1","externa_no_clasificada","False","2026-07-02_hmap.xlsx"
"2026-07-02","hmap","0xacbF75C3E7DeD84E2CB1425796C55A783373AfB0","0,1","externa_no_clasificada","False","2026-07-02_hmap.xlsx"
"2026-07-02","hmap","0xfbbE346097fc9b021277CF8d928D19A87922C7fF","0,1","externa_no_clasificada","False","2026-07-02_hmap.xlsx"
"2026-07-02","hmap","0x439E212A87316Ea768410803b49302e77De84C88","0,1","externa_no_clasificada","False","2026-07-02_hmap.xlsx"
"2026-07-02","hmap","0xa888e857F2e63429217268DBe77936E2d46518a3","0,1","externa_no_clasificada","False","2026-07-02_hmap.xlsx"
"2026-07-02","hmap","0x0D0fd78ca09eA4071743fF04b5E8452a28c26f44","0,1","externa_no_clasificada","False","2026-07-02_hmap.xlsx"
"2026-07-02","hmap","0xdDd85c8E458349C4B6b5975a73c08d931eD130c0","0,1","externa_no_clasificada","False","2026-07-02_hmap.xlsx"
"2026-07-02","hmap","0xb9e51D17fa956d401d8569848f36D8bA7b0A96Fe","0,1","externa_no_clasificada","False","2026-07-02_hmap.xlsx"
"2026-07-02","hmap","0x623232DEaf66Cf8cDf3cE10558E789082d3D5Dc2","0,1","externa_no_clasificada","False","2026-07-02_hmap.xlsx"
"2026-07-02","hmap","0x05B05Bb2fdFc074fE8C623714DC13d6Fd8Ae37eD","0,1","externa_no_clasificada","False","2026-07-02_hmap.xlsx"
"2026-07-02","hmap","0xB2C7b016d68E704de0EFfe04189e56b9637c8257","0,1","externa_no_clasificada","False","2026-07-02_hmap.xlsx"
"2026-07-02","hmap","0x6684Ae58e5D5781B410d72854Fd4299EFda38A16","0,09408","externa_no_clasificada","False","2026-07-02_hmap.xlsx"
"2026-07-02","hmap","0x2E1f70076288534ea13A1305Ad228dcE856B76Bc","0,087","externa_no_clasificada","False","2026-07-02_hmap.xlsx"
"2026-07-02","hmap","0x8A5b0Abc9D0De67268E0969ECE95043c4cBdDf52","0,08415","externa_no_clasificada","False","2026-07-02_hmap.xlsx"
"2026-07-02","hmap","0xa42Aa62Eb8828E5C4ab8270ab42BEDa77b48BD35","0,0828","externa_no_clasificada","False","2026-07-02_hmap.xlsx"
"2026-07-02","hmap","0x6560902D15C75ee6Bd05683b3A63BBDCC2f8DF81","0,07815","externa_no_clasificada","False","2026-07-02_hmap.xlsx"
"2026-07-02","hmap","0xe6b02A0BF351C08739ca900FB1ae35405B03a4c4","0,0768","externa_no_clasificada","False","2026-07-02_hmap.xlsx"
"2026-07-02","hmap","0x0080f53A09Aab23dd2Fc27A4b35B774B2A6d6c15","0,076","externa_no_clasificada","False","2026-07-02_hmap.xlsx"
"2026-07-02","hmap","0x3B35D22b908DE93Fb943d273aa4D1F24f5155F82","0,075","externa_no_clasificada","False","2026-07-02_hmap.xlsx"
"2026-07-02","hmap","0xcf7341Fd41a17619515619d068FD339D695Dac35","0,07479","externa_no_clasificada","False","2026-07-02_hmap.xlsx"
"2026-07-02","hmap","0x743aCC8a3DC46311464a43207D07E1F883001E80","0,07308","externa_no_clasificada","False","2026-07-02_hmap.xlsx"
"2026-07-02","hmap","0xd7017Fe8EE2B9bA62CcBBAE8326a67E7801361bC","0,07","externa_no_clasificada","False","2026-07-02_hmap.xlsx"
"2026-07-02","hmap","0x9863dF2EBd6376A43c211D2437AE1E2Ba0Fdae97","0,06732","externa_no_clasificada","False","2026-07-02_hmap.xlsx"
"2026-07-02","hmap","0x69bDEFE34112a39C2438c17B385c63c28D89b167","0,0672","externa_no_clasificada","False","2026-07-02_hmap.xlsx"
"2026-07-02","hmap","0x49a9d2cD592fABf180CCd827Feb8E77eF24F3523","0,066","externa_no_clasificada","False","2026-07-02_hmap.xlsx"
"2026-07-02","hmap","0xC352f5503c3ED928a57a1f2388Bb394CC4cFCC06","0,06395","externa_no_clasificada","False","2026-07-02_hmap.xlsx"
"2026-07-02","hmap","0x954e021e8E3d20B3da00301784477eeCd42CC2d6","0,0627","externa_no_clasificada","False","2026-07-02_hmap.xlsx"
"2026-07-02","hmap","0xd998761088e3C3F7Bc20852265B3C4E50e1B5Ef8","0,0617","externa_no_clasificada","False","2026-07-02_hmap.xlsx"
"2026-07-02","hmap","0xF53E2Cfa244C0E3382a2E1560b629D4Dbc65E93e","0,05939","externa_no_clasificada","False","2026-07-02_hmap.xlsx"
"2026-07-02","hmap","0x281b8eAA4139478fCAf5e802eb356B5F4BC22E08","0,0588","externa_no_clasificada","False","2026-07-02_hmap.xlsx"
"2026-07-02","hmap","0x6eB18Af9924898545fEb5283d84E6f7FC8b92F57","0,05551","externa_no_clasificada","False","2026-07-02_hmap.xlsx"
"2026-07-02","hmap","0x4dc33616A0934652672c6858A39AB034F388BF56","0,05374","externa_no_clasificada","False","2026-07-02_hmap.xlsx"
"2026-07-02","hmap","0x17626c05492aBA2B70476C0151Cd430A8691c9C1","0,0513","externa_no_clasificada","False","2026-07-02_hmap.xlsx"
"2026-07-02","hmap","0xe65C519AFFf14B450463f2962f99F25a878f6E21","0,05","externa_no_clasificada","False","2026-07-02_hmap.xlsx"
"2026-07-02","hmap","0x946F7a8cAdFa99Ff1111d86Ca07a1F288e565E1D","0,04977","externa_no_clasificada","False","2026-07-02_hmap.xlsx"
"2026-07-02","hmap","0x59D2a006b266C9793d73CB978495D355b7A0a318","0,04956","externa_no_clasificada","False","2026-07-02_hmap.xlsx"
"2026-07-02","hmap","0xe940B94678d9b6Ed6ECB9fd4ef99dc1a2FE35B8c","0,04698","externa_no_clasificada","False","2026-07-02_hmap.xlsx"
"2026-07-02","hmap","0x8695B6bc23c0989C28359606B27EBe8B48eC169f","0,044","externa_no_clasificada","False","2026-07-02_hmap.xlsx"
"2026-07-02","hmap","0xb9fd2c308e1CF98F14B98277c928f1E2c535B0a9","0,043","externa_no_clasificada","False","2026-07-02_hmap.xlsx"
"2026-07-02","hmap","0x4902cEaaB471C6d734adfaA9e1c5188D32870c18","0,0408","externa_no_clasificada","False","2026-07-02_hmap.xlsx"
"2026-07-02","hmap","0x31f50331f791F967aB24aCfA9Bb92B90473bA085","0,0396","externa_no_clasificada","False","2026-07-02_hmap.xlsx"
"2026-07-02","hmap","0x541bE294867300ff61f9702FEeB275965e9ee235","0,038","externa_no_clasificada","False","2026-07-02_hmap.xlsx"
"2026-07-02","hmap","0xAbC12bA3Cd82BB0ae7f96A91a85865e48dF19aC2","0,0376","externa_no_clasificada","False","2026-07-02_hmap.xlsx"
"2026-07-02","hmap","0x5e44d3872a02971F3f6e21d51F8aDc03824a8484","0,03681999","externa_no_clasificada","False","2026-07-02_hmap.xlsx"
"2026-07-02","hmap","0x83d91860309c45e412f4dEA3bC8bA0506005d76b","0,03672","externa_no_clasificada","False","2026-07-02_hmap.xlsx"
"2026-07-02","hmap","0xbf845e293042658F9a83642B52F03859CEf9DDCA","0,03621","externa_no_clasificada","False","2026-07-02_hmap.xlsx"
"2026-07-02","hmap","0xFe54D87198c951C6248bd3c54Ef3eCE78C45F8D0","0,03614001","externa_no_clasificada","False","2026-07-02_hmap.xlsx"
"2026-07-02","hmap","0xa601ec130224033464EC46df738732D17D86D26E","0,0345","externa_no_clasificada","False","2026-07-02_hmap.xlsx"
"2026-07-02","hmap","0xcf2fBca245735a5386d15a80BA46cABfD7412F55","0,03447","externa_no_clasificada","False","2026-07-02_hmap.xlsx"
"2026-07-02","hmap","0xbFe1951A80352ACF033D3B7d895cBa82ac3C6A98","0,03414001","externa_no_clasificada","False","2026-07-02_hmap.xlsx"
"2026-07-02","hmap","0xe56558b5813C4D931688b2c5ceB932c894a28475","0,03225","externa_no_clasificada","False","2026-07-02_hmap.xlsx"
"2026-07-02","hmap","0x5340aD55e26EEd2F29c531686F5479Af30183ea0","0,0313","externa_no_clasificada","False","2026-07-02_hmap.xlsx"
"2026-07-02","hmap","0xad31048d15a4E38E67aebd1163f33629eBa9C0fF","0,03087","externa_no_clasificada","False","2026-07-02_hmap.xlsx"
"2026-07-02","hmap","0xb56d855c8824b852970510b1981a2863aF37B441","0,03","externa_no_clasificada","False","2026-07-02_hmap.xlsx"
"2026-07-02","hmap","0x1B490DE2160857BC414E609a7f27953d883f36cB","0,02984","externa_no_clasificada","False","2026-07-02_hmap.xlsx"
"2026-07-02","hmap","0xb1855C50a60775662C47a2Ed654521a456C9118c","0,0297","externa_no_clasificada","False","2026-07-02_hmap.xlsx"
"2026-07-02","hmap","0x49d3eFEbB3290c2C61D92a62bDfD264330a52807","0,0294","externa_no_clasificada","False","2026-07-02_hmap.xlsx"
"2026-07-02","hmap","0xF31c12a342EF6eD7F98a03392E066C00A15cE759","0,02898","externa_no_clasificada","False","2026-07-02_hmap.xlsx"
"2026-07-02","hmap","0x9044E18eB2c7846Ee162B9439252d1229B378816","0,0289","externa_no_clasificada","False","2026-07-02_hmap.xlsx"
"2026-07-02","hmap","0x6486d499a75b6F3821628bAd547315d9910d2776","0,02886","externa_no_clasificada","False","2026-07-02_hmap.xlsx"
"2026-07-02","hmap","0xD7e196fd4D4962FB6407699cdc4EC49BD024bF89","0,0282","externa_no_clasificada","False","2026-07-02_hmap.xlsx"
"2026-07-02","hmap","0x7420fd709dcaDf38645aA314911C3aD2931A8f18","0,0236","externa_no_clasificada","False","2026-07-02_hmap.xlsx"
"2026-07-02","hmap","0xA71026E4E8dfE7c7cD576f108B27349F0f08d6bf","0,02277","externa_no_clasificada","False","2026-07-02_hmap.xlsx"
"2026-07-02","hmap","0x260cF5bED7dF1Bf02Cd914987EeEa8586657d702","0,02239","externa_no_clasificada","False","2026-07-02_hmap.xlsx"
"2026-07-02","hmap","0x2a698A9cB4571a146ac7294Da11b6Da527930387","0,0218","externa_no_clasificada","False","2026-07-02_hmap.xlsx"
"2026-07-02","hmap","0x8369BAEf5F85005047fae745D25Cb563E296dd38","0,02","externa_no_clasificada","False","2026-07-02_hmap.xlsx"
"2026-07-02","hmap","0xdEDC12F614116AEd1da125224376553710Efcb18","0,02","externa_no_clasificada","False","2026-07-02_hmap.xlsx"
"2026-07-02","hmap","0x5AA00D1A56758aaA26056383c8DCE6BA939A5cbc","0,0198","externa_no_clasificada","False","2026-07-02_hmap.xlsx"
"2026-07-02","hmap","0x7784D53B709B12449dA5672c2bf75c5cC8986160","0,018","externa_no_clasificada","False","2026-07-02_hmap.xlsx"
"2026-07-02","hmap","0xccEEC8c4c78614B8Cd3678C4564Ec547a9400469","0,0178","externa_no_clasificada","False","2026-07-02_hmap.xlsx"
"2026-07-02","hmap","0x22069419Cf7e9327C5c4B2006B3aba61bcB84c19","0,015","externa_no_clasificada","False","2026-07-02_hmap.xlsx"
"2026-07-02","hmap","0xb987D4b633b7460388b40B8e00D27E705223E1F6","0,0142","externa_no_clasificada","False","2026-07-02_hmap.xlsx"
"2026-07-02","hmap","0x89F422d4cc232088C99ACD82848B01c8898CDaee","0,01170001","externa_no_clasificada","False","2026-07-02_hmap.xlsx"
"2026-07-02","hmap","0xF22D976bE9474305e0020d6c4C3cb3DbAd9F7eDB","0,01","externa_no_clasificada","False","2026-07-02_hmap.xlsx"
"2026-07-02","hmap","0x7e805835A89195a7940aeA1714D9185622f00F18","0,00999998","externa_no_clasificada","False","2026-07-02_hmap.xlsx"
"2026-07-02","hmap","0xbEef779B64F95Aa1C72e45cCba763E505A90a264","0,0099","externa_no_clasificada","False","2026-07-02_hmap.xlsx"
"2026-07-02","hmap","0xa4ea6274e82517695BDaD42636313b7E209b7025","0,0099","externa_no_clasificada","False","2026-07-02_hmap.xlsx"
"2026-07-02","hmap","0xa3ca6C053A559d85f2C66f1181b06738ABa66C1F","0,0098","externa_no_clasificada","False","2026-07-02_hmap.xlsx"
"2026-07-02","hmap","0x759833FB49A6105780A91613370Ef191668f5546","0,009","externa_no_clasificada","False","2026-07-02_hmap.xlsx"
"2026-07-02","hmap","0x17B0927472fB3B516c1a3A958A835aCA5E470f03","0,0084","externa_no_clasificada","False","2026-07-02_hmap.xlsx"
"2026-07-02","hmap","0x75045A656D75402f4FF5F5C64f784f50B82C4721","0,00802","externa_no_clasificada","False","2026-07-02_hmap.xlsx"
"2026-07-02","hmap","0xd6b4E920406530C707b9031C6F6cf635b05B7cBe","0,008","externa_no_clasificada","False","2026-07-02_hmap.xlsx"
"2026-07-02","hmap","0x2c32948654256b6EE0208528Ad29fE5Bc016d91b","0,00739001","externa_no_clasificada","False","2026-07-02_hmap.xlsx"
"2026-07-02","hmap","0xB5bE59971B99662DE88a627Cf9bfBC88755c5dF7","0,007","externa_no_clasificada","False","2026-07-02_hmap.xlsx"
"2026-07-02","hmap","0xC274A3fFE8AE74610Bf56914EBE676b0Abb0BA6d","0,0068","externa_no_clasificada","False","2026-07-02_hmap.xlsx"
"2026-07-02","hmap","0x49e29D55B50b5f12e87440eB31C4E3600bFf12A1","0,0066","externa_no_clasificada","False","2026-07-02_hmap.xlsx"
"2026-07-02","hmap","0x9913091458D20EB3e07DAc4347c8b19120582537","0,0066","externa_no_clasificada","False","2026-07-02_hmap.xlsx"
"2026-07-02","hmap","0xb833b6Ead9d81c97d412AED6921EEda084c54db3","0,00655","externa_no_clasificada","False","2026-07-02_hmap.xlsx"
"2026-07-02","hmap","0xC4c0bf34955Ba29E2bE196eD6e3f65c5Be0F70bb","0,0063","externa_no_clasificada","False","2026-07-02_hmap.xlsx"
"2026-07-02","hmap","0x1Da2A03663a797a1658aC13783022A8dEA35B7B1","0,00622","externa_no_clasificada","False","2026-07-02_hmap.xlsx"
"2026-07-02","hmap","0xd899CEA21d2D108a3DCdc5069C55eeCDA9755F07","0,00615","externa_no_clasificada","False","2026-07-02_hmap.xlsx"
"2026-07-02","hmap","0xf091A66c67179Ca77E53C105f232E4aC683F551f","0,00609","externa_no_clasificada","False","2026-07-02_hmap.xlsx"
"2026-07-02","hmap","0xd8A018f2c61769F263937abD92F6F9EB91514E02","0,00601","externa_no_clasificada","False","2026-07-02_hmap.xlsx"
"2026-07-02","hmap","0xB8B079a6d8A999937686839b94eCB226077601fB","0,00589","externa_no_clasificada","False","2026-07-02_hmap.xlsx"
"2026-07-02","hmap","0x45BcC42708F1Bb1c985Bb54E61dBFB33566b065a","0,005","externa_no_clasificada","False","2026-07-02_hmap.xlsx"
"2026-07-02","hmap","0xb228a7D8C387855a873D36B12c878dfDF32B90f3","0,0042","externa_no_clasificada","False","2026-07-02_hmap.xlsx"
"2026-07-02","hmap","0x4be1d09f6fC47B992616e1bE3F6b35E52a3d4A24","0,0042","externa_no_clasificada","False","2026-07-02_hmap.xlsx"
"2026-07-02","hmap","0xCb2cE83593A23b126C1DCD02acBbA0C0d0b32587","0,0042","externa_no_clasificada","False","2026-07-02_hmap.xlsx"
"2026-07-02","hmap","0x8cC542F70B18455213c2eA5627AB5BA98ca36D31","0,0042","externa_no_clasificada","False","2026-07-02_hmap.xlsx"
"2026-07-02","hmap","0x989B627c394Be10e08E83f730170F14457F525d3","0,0042","externa_no_clasificada","False","2026-07-02_hmap.xlsx"
"2026-07-02","hmap","0x5d7DdBFe2a60F3398c4de064CE5212AB4968d524","0,0042","externa_no_clasificada","False","2026-07-02_hmap.xlsx"
"2026-07-02","hmap","0xDb022aa8F2a4D9a2fbb4A591DaaAddBB01f57072","0,0042","externa_no_clasificada","False","2026-07-02_hmap.xlsx"
"2026-07-02","hmap","0x10552db18B6C157629808fB7C868C3f7bFc1aC62","0,0042","externa_no_clasificada","False","2026-07-02_hmap.xlsx"
"2026-07-02","hmap","0x3f57d14f395a5A1EC521f57eC94Cf768991d0b21","0,0042","externa_no_clasificada","False","2026-07-02_hmap.xlsx"
"2026-07-02","hmap","0xFD9f49230F85D4C8370e47fDB35A523b0877Ea45","0,0042","externa_no_clasificada","False","2026-07-02_hmap.xlsx"
"2026-07-02","hmap","0x5D023C75c832C366C4F346c74521BaeC815BD0Af","0,0042","externa_no_clasificada","False","2026-07-02_hmap.xlsx"
"2026-07-02","hmap","0x6f9a018DaA98Abe6244aD54050dEa07288594A11","0,0034","externa_no_clasificada","False","2026-07-02_hmap.xlsx"
"2026-07-02","hmap","0x753F90F0d3c6B750bD39052ae19421482c99B175","0,00339","externa_no_clasificada","False","2026-07-02_hmap.xlsx"
"2026-07-02","hmap","0x8116Fe34e778814e7d15341aF435566e9F3290f5","0,0032","externa_no_clasificada","False","2026-07-02_hmap.xlsx"
"2026-07-02","hmap","0x2bb285bBb4cFF422c9Bd28Ef076a45EA08d53afE","0,00316","externa_no_clasificada","False","2026-07-02_hmap.xlsx"
"2026-07-02","hmap","0xC4221a4Db44986Df4F710a1382f0ac2684D3e7C9","0,00315","externa_no_clasificada","False","2026-07-02_hmap.xlsx"
"2026-07-02","hmap","0xB57054DA40877390C8a8160CD3B8033b254cAf5C","0,00287","externa_no_clasificada","False","2026-07-02_hmap.xlsx"
"2026-07-02","hmap","0xCfa8bd384D8013730De4770819c2bd15Ee377B6D","0,00286","externa_no_clasificada","False","2026-07-02_hmap.xlsx"
"2026-07-02","hmap","0xE9B042096eAdA68E510adDc82A11F2CCf55f17c1","0,0028","externa_no_clasificada","False","2026-07-02_hmap.xlsx"
"2026-07-02","hmap","0xfC009BC460C65f4CfddcD8819cBec9e89ADd7b95","0,0026","externa_no_clasificada","False","2026-07-02_hmap.xlsx"
"2026-07-02","hmap","0xb452a7b114c199178913944B06A785673a835Ea0","0,00253999","externa_no_clasificada","False","2026-07-02_hmap.xlsx"
"2026-07-02","hmap","0x20bF433A91CD32D82272FA1F2039a4A4a6FE236A","0,0025","externa_no_clasificada","False","2026-07-02_hmap.xlsx"
"2026-07-02","hmap","0xAa952c14560cFb81D0dFE0b1813DdDdF9C4598D8","0,0013","externa_no_clasificada","False","2026-07-02_hmap.xlsx"
"2026-07-02","hmap","0x4a2F49F3BCf47143c6b4eF9dB2Ce739C6Bc98f5C","0,00129","externa_no_clasificada","False","2026-07-02_hmap.xlsx"
"2026-07-02","hmap","0x75Ac19132215f2860Eb288BdE967e5A1c4b69Ff8","0,00085","externa_no_clasificada","False","2026-07-02_hmap.xlsx"
"2026-07-02","hmap","0x3f8a302A575D5e92579710159Ad889c9f95Ac5C3","0,00083","externa_no_clasificada","False","2026-07-02_hmap.xlsx"
"2026-07-02","hmap","0xF8AeD1F0dA3f6522E0E42c71D6F906B8A8cBC673","0,0008","externa_no_clasificada","False","2026-07-02_hmap.xlsx"
"2026-07-02","hmap","0xe8095dFEf95A56DcbEA2ea0497f5b0bAad452cc6","0,0004","externa_no_clasificada","False","2026-07-02_hmap.xlsx"
"2026-07-02","hmap","0x66EBE8704604506c8c29095345447EBEFdD33A62","0,0004","externa_no_clasificada","False","2026-07-02_hmap.xlsx"
"2026-07-02","hmap","0x5E958bc24cFBeb60dB6eD90Ee0c500FD2e187dB3","0,00035","externa_no_clasificada","False","2026-07-02_hmap.xlsx"
"2026-07-02","hmap","0x09fA6d1CB2f9a5e9010bC813E9000ee5b09BeD9A","0,00017","externa_no_clasificada","False","2026-07-02_hmap.xlsx"
"2026-07-02","hmap","0xcB8457Bd831a494c8485DA779777CBdee2Ba1184","1E-08","externa_no_clasificada","False","2026-07-02_hmap.xlsx"
"2026-07-02","hmap","0x2E6249Fcc05770001e312063940e9589C012EdF1","1E-08","externa_no_clasificada","False","2026-07-02_hmap.xlsx"
